Date,Open,High,Low,Close,Adj Close,Volume
2015-05-26,55.25,55.5,54,54,54,410571
2015-05-27,54,54,51.5,52.5,52.5,809557
2015-05-28,52.75,55.75,52.75,55.25,55.25,829373
2015-05-29,56.25,59.5,56.25,58.5,58.5,1398775
2015-06-01,58.5,58.5,54.75,55.5,55.5,807552
2015-06-02,56.25,56.25,54.75,55.25,55.25,287846
2015-06-03,55.25,56.75,55.25,56.75,56.75,267809
2015-06-04,56.75,57,55.5,56,56,160201
2015-06-05,56,56,54.75,56,56,257323
2015-06-08,56.5,56.5,55.25,55.75,55.75,169741
2015-06-09,55.5,55.5,52.75,53,53,353206
2015-06-10,53.25,54.5,53.25,54,54,338699
2015-06-11,55.75,56.5,54.75,56.25,56.25,459043
2015-06-12,56.25,56.75,55,55.5,55.5,237481
2015-06-15,55.75,56,54.5,55.5,55.5,162101
2015-06-16,55.25,56.5,53.25,56,56,558044
2015-06-17,57,57.5,54.5,55,55,371436
2015-06-18,55.25,57.25,52.5,56.25,56.25,1321340
2015-06-19,56.75,58.799999,55.75,56.650002,56.650002,1289943
2015-06-22,58,58.549999,56.25,56.349998,56.349998,431120
2015-06-23,56.599998,57.25,55.849998,56.099998,56.099998,274003
2015-06-24,56.25,56.5,54.299999,55.900002,55.900002,291558
2015-06-25,55.700001,55.75,54.25,54.75,54.75,308817
2015-06-26,54.549999,55,53.799999,54.450001,54.450001,342414
2015-06-29,52,53.799999,51.25,53.549999,53.549999,402046
2015-06-30,53.549999,54.849998,53.049999,54.150002,54.150002,572653
2015-07-01,54.75,55.400002,54.099998,55,55,308794
2015-07-02,54.5,55,51.25,51.700001,51.700001,1172056
2015-07-03,51.900002,52.049999,50.75,51.299999,51.299999,607754
2015-07-06,50.650002,51.450001,49.900002,51,51,559879
2015-07-07,51.900002,51.900002,49.610001,49.900002,49.900002,393093
2015-07-08,49.900002,49.900002,48.5,49.080002,49.080002,654990
2015-07-09,49.259998,49.650002,48.18,49.240002,49.240002,690280
2015-07-10,50.049999,50.299999,48.220001,48.919998,48.919998,496458
2015-07-13,50.400002,54.349998,50.299999,52.650002,52.650002,1447080
2015-07-14,52.650002,55.75,52.150002,55.450001,55.450001,1364168
2015-07-15,55.950001,57,55,56.799999,56.799999,773086
2015-07-16,56.849998,58,56.150002,56.799999,56.799999,781002
2015-07-17,57.25,57.599998,55.700001,56,56,307203
2015-07-20,57.25,57.25,56,56.299999,56.299999,267005
2015-07-21,56.299999,56.299999,54.5,55.099998,55.099998,419581
2015-07-22,54.25,55.400002,53.5,53.900002,53.900002,403747
2015-07-23,54.25,54.950001,53.049999,54.5,54.5,380540
2015-07-24,54.349998,57.150002,54.349998,56.549999,56.549999,748129
2015-07-27,56.549999,56.549999,53.950001,54.400002,54.400002,453016
2015-07-28,53.950001,54,51.549999,52.400002,52.400002,662630
2015-07-29,52.799999,53.349998,51.75,52.650002,52.650002,363280
2015-07-30,52.700001,53.25,52.049999,52.299999,52.299999,442758
2015-07-31,52.5,52.650002,51.5,52.150002,52.150002,332460
2015-08-03,52.150002,52.25,50.25,51.75,51.75,481003
2015-08-04,51.75,52.849998,51.25,51.950001,51.950001,357608
2015-08-05,51.950001,52.049999,50.799999,51.549999,51.549999,362606
2015-08-06,51.549999,51.849998,50.299999,51.049999,51.049999,359305
2015-08-07,51.349998,51.400002,50,50.700001,50.700001,307362
2015-08-10,50.700001,52,49.099998,52,52,613734
2015-08-11,52.349998,53.700001,51.650002,52.099998,52.099998,528374
2015-08-12,52.200001,52.200001,49.900002,49.939999,49.939999,468784
2015-08-13,51.450001,51.650002,49.799999,50,50,397344
2015-08-14,50.349998,50.799999,49,49.41,49.41,374626
2015-08-17,49.599998,50.75,47.040001,47.759998,47.759998,464745
2015-08-18,48.450001,49.400002,47.299999,49.099998,49.099998,696106
2015-08-19,48.59,49.400002,48.200001,49.099998,49.099998,470154
2015-08-20,48.5,48.700001,45.299999,45.610001,45.610001,669777
2015-08-21,45.610001,47.5,44.18,46.950001,46.950001,1155360
2015-08-24,44,45,42.5,44.139999,44.139999,1423425
2015-08-25,43.599998,46.810001,43.490002,45.139999,45.139999,849861
2015-08-26,44.709999,48.080002,43.889999,46.240002,46.240002,1065551
2015-08-27,47.82,47.82,46,46.459999,46.459999,716405
2015-08-28,47.049999,47.27,45,47,47,573502
2015-08-31,47,47,46,46.639999,46.639999,522370
2015-09-01,46,46.07,43.950001,45.09,45.09,689823
2015-09-02,45.07,46.029999,44.509998,45,45,551239
2015-09-03,45.209999,46.849998,45.209999,46.580002,46.580002,810983
2015-09-04,46.16,46.369999,45.099998,45.110001,45.110001,403459
2015-09-07,45.310001,45.5,43.869999,44.139999,44.139999,456843
2015-09-08,44.34,46.5,44.060001,46.48,46.48,875448
2015-09-09,47.48,47.610001,46.200001,47.299999,47.299999,513191
2015-09-10,46.860001,46.860001,45.299999,45.560001,45.560001,404632
2015-09-11,45.75,46.169998,44.27,44.59,44.59,513431
2015-09-14,44.099998,44.549999,41.5,41.889999,41.889999,610585
2015-09-15,38,40.799999,38,40.57,40.57,1893936
2015-09-16,40.330002,40.330002,36.529999,37.009998,37.009998,2866702
2015-09-17,37.029999,38.43,36.799999,38.200001,38.200001,1383090
2015-09-18,38.200001,38.259998,36.91,37.639999,37.639999,1063296
2015-09-21,38.959999,39.470001,37.700001,39.27,39.27,1262800
2015-09-22,39.700001,39.740002,38.5,39,39,1228995
2015-09-23,39.009998,41.07,38.599998,40.290001,40.290001,1247651
2015-09-24,40.639999,40.779999,39.25,39.639999,39.639999,775907
2015-09-25,40.259998,41.580002,39.810001,41.5,41.5,808977
2015-09-28,41.599998,42.290001,40.630001,41.18,41.18,645351
2015-09-29,40.560001,41.099998,39.689999,40.459999,40.459999,707710
2015-09-30,41.639999,41.900002,40.200001,41.75,41.75,595949
2015-10-01,42,42.099998,40.799999,41.169998,41.169998,699942
2015-10-02,41.470001,42.169998,41.27,42,42,523863
2015-10-05,42.220001,42.77,41.900002,42.290001,42.290001,491402
2015-10-06,42.279999,42.279999,40.849998,41.689999,41.689999,659305
2015-10-07,42.169998,43.290001,41.349998,43,43,655127
2015-10-08,42.990002,43.040001,42.029999,42.330002,42.330002,705644
2015-10-09,43.200001,43.200001,41,41.099998,41.099998,737633
2015-10-12,41.139999,41.209999,40.599998,40.700001,40.700001,612139
2015-10-13,40.470001,40.950001,40.009998,40.299999,40.299999,435965
2015-10-14,40.5,41.98,40.040001,41.700001,41.700001,638050
2015-10-15,41.599998,42.639999,40.900002,42.299999,42.299999,899679
2015-10-16,44,44,38.029999,38.200001,38.200001,1969046
2015-10-19,39,40.98,37.259998,40.950001,40.950001,1495130
2015-10-20,41.240002,41.240002,40.130001,40.599998,40.599998,451529
2015-10-21,41.02,42.09,40.169998,41.509998,41.509998,463854
2015-10-22,41.5,41.93,40.540001,40.75,40.75,354448
2015-10-23,41.32,41.48,40.25,40.759998,40.759998,490378
2015-10-26,40.91,41.599998,39.459999,41.259998,41.259998,533856
2015-10-27,41.689999,41.689999,40.200001,40.490002,40.490002,379612
2015-10-28,40.299999,41.220001,40,41,41,384250
2015-10-29,41.009998,42.07,40.900002,41.349998,41.349998,576655
2015-10-30,41.459999,41.900002,40.540001,40.849998,40.849998,415790
2015-11-02,40.610001,42.709999,40.490002,42.700001,42.700001,457046
2015-11-03,42.73,43.380001,42.299999,42.75,42.75,467803
2015-11-04,43,43.09,42.5,42.950001,42.950001,316470
2015-11-05,42.950001,43,42.630001,42.630001,42.630001,315521
2015-11-06,42.310001,42.849998,42.099998,42.240002,42.240002,382643
2015-11-09,42.509998,42.509998,41.029999,41.400002,41.400002,294362
2015-11-10,41.560001,41.580002,40.25,40.630001,40.630001,293776
2015-11-11,40.360001,40.84,40.080002,40.310001,40.310001,331247
2015-11-12,40.310001,40.810001,40.16,40.349998,40.349998,386019
2015-11-13,40.450001,40.450001,38.470001,38.830002,38.830002,493459
2015-11-16,38.700001,38.740002,37.869999,38.299999,38.299999,234530
2015-11-17,38.310001,38.48,37.73,37.869999,37.869999,397769
2015-11-18,37.950001,38.400002,37.580002,38.209999,38.209999,500414
2015-11-19,38.689999,39.5,38.400002,38.990002,38.990002,602011
2015-11-20,39.349998,39.529999,38.25,38.5,38.5,672410
2015-11-23,39.049999,39.299999,38,38.630001,38.630001,402006
2015-11-24,38.619999,38.900002,38.279999,38.400002,38.400002,413386
2015-11-25,38.349998,38.75,37.900002,38.009998,38.009998,413795
2015-11-26,38,38.150002,36.860001,37,37,700619
2015-11-27,37.029999,39.610001,36.099998,39.400002,39.400002,1230887
2015-11-30,39.599998,41.400002,39.599998,41,41,1070186
2015-12-01,40.5,41.740002,40.5,41.490002,41.490002,733098
2015-12-02,41.599998,42.990002,41.490002,42.830002,42.830002,824856
2015-12-03,42.700001,44.450001,42.59,43.830002,43.830002,818338
2015-12-04,44.439999,44.439999,43.5,44.200001,44.200001,790805
2015-12-07,44.619999,44.93,43.709999,43.860001,43.860001,235545
2015-12-08,43.860001,44.5,42.34,42.34,42.34,392287
2015-12-09,42.200001,43.41,41.529999,43.400002,43.400002,602464
2015-12-10,43.450001,43.549999,42.41,42.98,42.98,274431
2015-12-11,42.689999,42.73,41.240002,41.599998,41.599998,342498
2015-12-14,41.25,41.759998,39.810001,40.709999,40.709999,401776
2015-12-15,40.759998,42.439999,39.810001,42.220001,42.220001,327665
2015-12-16,42.23,43.700001,41.869999,43.400002,43.400002,510235
2015-12-17,43.400002,43.810001,42.450001,43,43,421962
2015-12-18,42.84,43.5,42.5,42.73,42.73,574935
2015-12-21,43.119999,43.799999,42.73,43.32,43.32,370863
2015-12-22,42.959999,43.5,42.700001,42.900002,42.900002,464229
2015-12-23,43.279999,45.200001,42.959999,44.830002,44.830002,1027034
2015-12-28,44.830002,44.880001,43,43.02,43.02,321344
2015-12-29,44.09,44.09,42.630001,43.189999,43.189999,255928
2015-12-30,43.330002,43.52,43.080002,43.25,43.25,363165
2016-01-04,43.049999,43.189999,41.599998,42,42,484165
2016-01-05,42.02,42.400002,39.900002,41,41,681948
2016-01-06,40.529999,41,39.299999,40.709999,40.709999,509814
2016-01-07,39.810001,39.810001,37.290001,37.380001,37.380001,1559273
2016-01-08,37.849998,37.860001,35.400002,36,36,723193
2016-01-11,35.5,36.98,35.299999,36.43,36.43,512856
2016-01-12,36.349998,36.59,35.099998,36.110001,36.110001,568281
2016-01-13,36.98,40.09,36,38.5,38.5,683382
2016-01-14,37.849998,39,36.259998,37.900002,37.900002,855482
2016-01-15,37.959999,39.869999,36,37.650002,37.650002,585826
2016-01-18,37.5,38.299999,37.200001,38.110001,38.110001,406202
2016-01-19,38.900002,39.900002,38.27,39.810001,39.810001,868674
2016-01-20,39.34,39.75,34.860001,35.900002,35.900002,1513872
2016-01-21,36.5,36.5,33.400002,34,34,1570073
2016-01-22,34.509998,37.400002,34.419998,37.200001,37.200001,1330102
2016-01-25,37.529999,39.73,36.400002,38.82,38.82,624663
2016-01-26,38.380001,39.400002,37.720001,38.759998,38.759998,358221
2016-01-27,39.25,39.419998,37.09,37.799999,37.799999,382511
2016-01-28,37.939999,39.169998,37.119999,38.669998,38.669998,436416
2016-01-29,39.040001,40.549999,38.549999,40.349998,40.349998,658844
2016-02-01,40.799999,41.18,39.900002,40.150002,40.150002,326725
2016-02-02,39.549999,40.400002,38.799999,39.5,39.5,228744
2016-02-03,39.5,40.68,39.02,39.73,39.73,424136
2016-02-04,40.200001,41.119999,39.77,41,41,388276
2016-02-05,41,42.490002,40.439999,41,41,508427
2016-02-08,42.43,42.529999,38.48,38.619999,38.619999,382223
2016-02-09,38.5,39.34,37.299999,38.790001,38.790001,408510
2016-02-10,38.799999,40.799999,38.09,40.080002,40.080002,795223
2016-02-11,40.009998,40.009998,38.34,38.869999,38.869999,493812
2016-02-12,40,41.5,39.009998,40.299999,40.299999,597773
2016-02-15,41.849998,43.299999,41.27,41.950001,41.950001,628653
2016-02-16,42.779999,43.310001,41.07,41.459999,41.459999,437631
2016-02-17,40.580002,42.990002,40.580002,42.75,42.75,788513
2016-02-18,43.400002,44.720001,42.810001,43.810001,43.810001,891151
2016-02-19,43.330002,45.200001,43.330002,45,45,467682
2016-02-22,45.299999,46.299999,44.310001,44.52,44.52,576539
2016-02-23,44.299999,44.470001,42.799999,43.700001,43.700001,538591
2016-02-24,43.700001,43.860001,41.049999,41.220001,41.220001,441308
2016-02-25,41.970001,42.700001,41.810001,42.130001,42.130001,395590
2016-02-26,42.25,43.189999,42.25,43.02,43.02,221926
2016-02-29,43.209999,45.700001,43.189999,45.299999,45.299999,442174
2016-03-01,45.490002,46.5,44.279999,44.970001,44.970001,322015
2016-03-02,45.950001,46.369999,43.98,44.09,44.09,249399
2016-03-03,44.759998,45,44.099998,44.580002,44.580002,199867
2016-03-04,44.990002,46.220001,44.400002,45.82,45.82,542275
2016-03-07,46,46.310001,44.470001,44.889999,44.889999,430078
2016-03-08,45.02,45.02,43.299999,43.610001,43.610001,532972
2016-03-09,43.799999,44.25,42.799999,43.310001,43.310001,335125
2016-03-10,43.950001,45.389999,43.610001,44.400002,44.400002,453898
2016-03-11,44.529999,45.099998,44,44.900002,44.900002,380391
2016-03-14,45.099998,47.049999,45.049999,46.900002,46.900002,373588
2016-03-15,46.23,47.98,46.23,47.75,47.75,394840
2016-03-16,47.400002,48.330002,45.68,46,46,278379
2016-03-17,46.150002,46.400002,44.27,44.849998,44.849998,224187
2016-03-18,45.200001,45.310001,42.52,43.34,43.34,611455
2016-03-21,43.5,44,43,43.380001,43.380001,234703
2016-03-22,43.549999,45.23,43.009998,45.07,45.07,130877
2016-03-23,null,null,null,null,null,null
2016-03-29,44.740002,45.639999,44.700001,45.360001,45.360001,251314
2016-03-30,45.900002,46.75,45.75,46.75,46.75,405361
2016-03-31,46.349998,46.740002,45.889999,46.080002,46.080002,408061
2016-04-01,46,46.900002,45.900002,46.57,46.57,430802
2016-04-04,46.5,46.900002,46.240002,46.400002,46.400002,176688
2016-04-05,46.299999,46.299999,45.66,45.900002,45.900002,105318
2016-04-06,46.380001,47.75,45.950001,47.650002,47.650002,343278
2016-04-07,48.290001,48.439999,46.330002,46.459999,46.459999,286348
2016-04-08,46.5,47.5,46.470001,47.5,47.5,258431
2016-04-11,47.299999,47.75,46.419998,46.75,46.75,294353
2016-04-12,46.610001,46.700001,45.689999,45.889999,45.889999,406005
2016-04-13,46.599998,47.560001,46.25,46.990002,46.990002,604520
2016-04-14,47.490002,48.900002,47.200001,48.299999,48.299999,754523
2016-04-15,48.439999,48.490002,46.810001,47.509998,47.509998,297265
2016-04-18,47.009998,47.57,46.849998,46.900002,46.900002,348163
2016-04-19,44.639999,45.290001,43.639999,44,44,2087521
2016-04-20,43.869999,44.330002,41.790001,41.900002,41.900002,938969
2016-04-21,42.189999,43.990002,42.02,43.099998,43.099998,337512
2016-04-22,43.060001,43.799999,42.66,43,43,280737
2016-04-25,43.009998,43.099998,41.669998,42.200001,42.200001,279722
2016-04-26,42.02,44,41.990002,44,44,316986
2016-04-27,44,44.349998,43.669998,44.139999,44.139999,327796
2016-04-28,44.299999,47.41,43.779999,47,47,631554
2016-04-29,46.549999,47.200001,46.380001,46.849998,46.849998,308667
2016-05-02,46.919998,46.919998,46.09,46.27,46.27,250843
2016-05-03,46.41,46.419998,45.48,45.669998,45.669998,306213
2016-05-04,45.84,45.860001,44.169998,44.68,44.68,263245
2016-05-06,44.5,45.880001,44.400002,44.650002,44.650002,142474
2016-05-09,44.5,44.700001,42.639999,42.73,42.73,346325
2016-05-10,42.860001,43.07,42.200001,43,43,463115
2016-05-11,43,43.200001,42.549999,42.939999,42.939999,336259
2016-05-12,43.200001,43.330002,41.709999,41.75,41.75,323578
2016-05-13,41.66,42.200001,41.330002,41.98,41.98,357566
2016-05-18,43.490002,43.5,41.830002,42.790001,42.790001,329875
2016-05-19,43,43,41.630001,41.900002,41.900002,284555
2016-05-20,42.040001,42.130001,40.41,40.830002,40.830002,612075
2016-05-23,41.029999,42.790001,40.939999,42.360001,42.360001,380504
2016-05-24,42.150002,42.650002,41.02,41.380001,41.380001,451674
2016-05-25,41.599998,42.75,41.560001,42.650002,42.650002,434003
2016-05-26,42.639999,42.650002,41.169998,41.889999,41.889999,362647
2016-05-27,42,42.950001,41.950001,42.349998,42.349998,268448
2016-05-30,42.880001,42.889999,41.849998,42,42,180661
2016-05-31,42,42.189999,41.16,41.16,41.16,1019496
2016-06-01,41.540001,42.049999,40.740002,41.209999,41.209999,678641
2016-06-02,41.48,42,41.25,41.950001,41.950001,328637
2016-06-03,42.290001,43.900002,42.139999,43.57,43.57,867535
2016-06-06,43.490002,43.549999,41.900002,42.290001,42.290001,726045
2016-06-07,42.209999,42.209999,39.889999,41,41,744749
2016-06-08,41.700001,41.700001,39.720001,39.740002,39.740002,624973
2016-06-09,39.799999,39.900002,38.349998,39.150002,39.150002,581528
2016-06-10,38.990002,39.59,38.5,38.669998,38.669998,346111
2016-06-13,38.919998,38.990002,37.09,37.66,37.66,581909
2016-06-14,37.970001,37.98,35.869999,36.099998,36.099998,685304
2016-06-15,36.400002,37.700001,36.330002,36.400002,36.400002,829544
2016-06-16,36.049999,36.07,34.66,35.25,35.25,1736917
2016-06-17,35.799999,36.900002,35.5,36.900002,36.900002,555454
2016-06-20,37.200001,38.099998,36.799999,38,38,740263
2016-06-21,38.5,38.5,36.900002,37.200001,37.200001,546098
2016-06-22,37.799999,37.799999,35.700001,36.400002,36.400002,552845
2016-06-23,36.400002,37,36.099998,36.200001,36.200001,456073
2016-06-24,32.200001,35.5,32,34.799999,34.799999,1161980
2016-06-27,34.799999,35.099998,32.299999,32.5,32.5,687151
2016-06-28,32.799999,33.799999,32.400002,33.799999,33.799999,799892
2016-06-29,34.200001,35,33.799999,34.200001,34.200001,368218
2016-06-30,34.5,34.5,33.599998,34.099998,34.099998,373947
2016-07-01,34.299999,34.599998,33.599998,34,34,388738
2016-07-04,34.099998,34.700001,34,34.5,34.5,312591
2016-07-05,34.200001,34.200001,33.099998,33.700001,33.700001,513668
2016-07-06,33.599998,34,33.099998,33.299999,33.299999,397021
2016-07-07,33.299999,34.700001,33.299999,34.200001,34.200001,561460
2016-07-08,34.299999,35.700001,34.200001,35.599998,35.599998,284601
2016-07-11,35.799999,36.900002,35.799999,36.299999,36.299999,384347
2016-07-12,37.299999,38.099998,35.599998,36.099998,36.099998,621016
2016-07-13,33.599998,36.799999,32.5,36.299999,36.299999,789085
2016-07-14,36.299999,36.299999,34.200001,34.5,34.5,373385
2016-07-15,34.299999,35.400002,34.099998,35,35,186018
2016-07-18,35.400002,35.700001,34.200001,34.599998,34.599998,280943
2016-07-19,34.5,35.900002,34.5,35.700001,35.700001,246620
2016-07-20,36,36.099998,35,35.299999,35.299999,216464
2016-07-21,35.700001,35.799999,35.099998,35.799999,35.799999,261511
2016-07-22,35.200001,35.5,35,35.099998,35.099998,160938
2016-07-25,35.200001,36.799999,35,36.299999,36.299999,98356
2016-07-26,36.299999,38.200001,35.799999,38.200001,38.200001,292704
2016-07-27,37.799999,39.400002,37.099998,39,39,616612
2016-07-28,39,39.299999,37.599998,37.700001,37.700001,151161
2016-07-29,38.5,38.599998,37.5,38,38,113453
2016-08-01,38,39.700001,38,39.5,39.5,381241
2016-08-02,39.5,39.5,37.900002,38.099998,38.099998,189154
2016-08-03,38,38.200001,37,38,38,184314
2016-08-04,38.299999,39,37.599998,37.700001,37.700001,142574
2016-08-05,37.900002,38.5,37.5,38,38,314543
2016-08-08,38,39,37.400002,38.700001,38.700001,239000
2016-08-09,38.700001,40.099998,38.5,39.900002,39.900002,436717
2016-08-10,40,41.5,39,40.599998,40.599998,539702
2016-08-11,41,41,39.900002,40.5,40.5,366690
2016-08-12,41.099998,41.099998,40.5,40.700001,40.700001,191397
2016-08-15,40.700001,41,40.400002,40.900002,40.900002,135999
2016-08-16,41.299999,41.299999,39.299999,39.5,39.5,166286
2016-08-17,39.799999,40,37.299999,37.700001,37.700001,351677
2016-08-18,37.900002,38.5,37.299999,38.299999,38.299999,307105
2016-08-19,38.700001,39.200001,38.299999,38.700001,38.700001,86855
2016-08-22,39.299999,39.299999,38.400002,39.099998,39.099998,115032
2016-08-23,39,39.099998,38.400002,38.5,38.5,68292
2016-08-24,38.700001,39.900002,38.700001,39.900002,39.900002,153588
2016-08-25,39.099998,39.400002,38,38.5,38.5,238344
2016-08-26,38.299999,39.700001,38.200001,39.599998,39.599998,160063
2016-08-29,39.299999,39.799999,39,39.5,39.5,97074
2016-08-30,39.400002,39.799999,39,39.299999,39.299999,102115
2016-08-31,39,39.400002,38.700001,39.200001,39.200001,71778
2016-09-01,38.799999,40.200001,38.799999,40.200001,40.200001,222282
2016-09-02,40.200001,41.799999,40.099998,41.5,41.5,610511
2016-09-05,41.5,41.799999,40.400002,40.799999,40.799999,288661
2016-09-06,41.400002,41.799999,41,41.200001,41.200001,387936
2016-09-07,41.700001,41.700001,41,41.299999,41.299999,277966
2016-09-08,41.599998,42.299999,40.599998,41.400002,41.400002,422104
2016-09-09,40.900002,42.099998,40.900002,41,41,194355
2016-09-12,40,40,38.799999,39.900002,39.900002,332651
2016-09-13,40,40.299999,38.400002,39,39,205546
2016-09-14,38.900002,40.099998,38.599998,39.200001,39.200001,168974
2016-09-15,38.900002,39.700001,38.400002,38.799999,38.799999,194686
2016-09-16,39,39,38.200001,38.400002,38.400002,160687
2016-09-19,38.5,38.799999,37.400002,37.599998,37.599998,274083
2016-09-20,37.599998,39.099998,37.200001,38.799999,38.799999,267859
2016-09-21,39.200001,39.200001,38.599998,38.700001,38.700001,56206
2016-09-22,39.099998,40.099998,38.299999,40,40,174258
2016-09-23,39.900002,40.400002,38.799999,39.299999,39.299999,197749
2016-09-26,39.299999,39.299999,38.5,38.700001,38.700001,88750
2016-09-27,38.599998,38.599998,37.200001,38,38,241712
2016-09-28,38.200001,38.5,38.099998,38.200001,38.200001,79402
2016-09-29,38.599998,38.599998,37.799999,38,38,102760
2016-09-30,37.799999,39.400002,37.599998,39,39,404266
2016-10-03,39.099998,39.400002,38.700001,38.799999,38.799999,236868
2016-10-04,38.599998,39.5,38.200001,39.5,39.5,228826
2016-10-05,39.099998,39.400002,38.799999,39.400002,39.400002,127579
2016-10-06,39.400002,39.700001,39.099998,39.400002,39.400002,110492
2016-10-07,39.099998,39.299999,39,39,39,118805
2016-10-10,39,39.400002,38.799999,39.099998,39.099998,190047
2016-10-11,39,39.200001,37.599998,38,38,226830
2016-10-12,38.5,38.5,37.5,37.900002,37.900002,168560
2016-10-13,37.700001,38.299999,37.400002,38,38,223030
2016-10-14,38.200001,39.299999,38.200001,38.799999,38.799999,479377
2016-10-17,38.900002,38.900002,36.400002,36.799999,36.799999,590761
2016-10-18,33.5,35.5,32.200001,34.5,34.5,1587948
2016-10-19,34.400002,34.5,32.599998,32.799999,32.799999,1195534
2016-10-20,33.099998,33.900002,32.900002,33.5,33.5,598623
2016-10-21,33.799999,34.5,33.299999,33.299999,33.299999,555984
2016-10-24,33.900002,34,33.400002,33.700001,33.700001,389539
2016-10-25,33.799999,33.900002,33,33.299999,33.299999,226816
2016-10-26,33.5,33.5,32.599998,33.299999,33.299999,283612
2016-10-27,33.299999,34.299999,33.099998,33.099998,33.099998,438804
2016-10-28,33.200001,33.200001,32.099998,32.299999,32.299999,336084
2016-10-31,33.200001,33.900002,32.799999,33,33,239225
2016-11-01,33.700001,34,32.799999,33.200001,33.200001,251737
2016-11-02,33.099998,33.299999,32.5,33,33,196353
2016-11-03,33,33.599998,32.799999,33.400002,33.400002,118054
2016-11-04,33.599998,34,33.400002,33.799999,33.799999,173632
2016-11-07,34.200001,34.400002,33.900002,34,34,181066
2016-11-08,33.599998,34.299999,33.599998,34,34,326331
2016-11-09,32.799999,34.799999,32.799999,34.799999,34.799999,395712
2016-11-10,35,35.5,34.099998,34.5,34.5,130961
2016-11-11,34.5,35.200001,33.799999,34,34,291822
2016-11-14,34.099998,34.599998,33.299999,33.299999,33.299999,194624
2016-11-15,33.799999,33.900002,33.099998,33.5,33.5,141982
2016-11-16,33.599998,33.599998,32.900002,33.599998,33.599998,127995
2016-11-17,33.5,33.599998,33.099998,33.5,33.5,145663
2016-11-18,33.299999,34.700001,33.299999,34.400002,34.400002,111113
2016-11-21,34.700001,35,34.200001,34.799999,34.799999,130666
2016-11-22,34.700001,35.200001,34.400002,35,35,246685
2016-11-23,35.200001,36.700001,35.200001,36.400002,36.400002,415912
2016-11-24,36.5,36.900002,36.099998,36.599998,36.599998,168558
2016-11-25,36.599998,36.900002,35.5,35.599998,35.599998,174484
2016-11-28,35,36.099998,34.599998,34.599998,34.599998,152089
2016-11-29,34.900002,35.400002,34.700001,35,35,113044
2016-11-30,35.299999,35.400002,34.299999,34.299999,34.299999,178684
2016-12-01,34.299999,34.5,33.400002,33.900002,33.900002,296428
2016-12-02,33.5,33.900002,32.700001,33.299999,33.299999,225266
2016-12-05,33,33.700001,33,33.5,33.5,265292
2016-12-06,33.700001,33.799999,33.400002,33.5,33.5,174463
2016-12-07,33.900002,34,33.299999,33.5,33.5,155781
2016-12-08,33.400002,33.799999,29.700001,32,32,1552163
2016-12-09,32.200001,32.5,31.200001,32.200001,32.200001,446197
2016-12-12,32.5,32.5,31.799999,32.400002,32.400002,212704
2016-12-13,32.5,32.5,31.799999,31.9,31.9,293916
2016-12-14,31.9,32.599998,31.6,32.599998,32.599998,302686
2016-12-15,32.5,33.549999,31.799999,32,32,510422
2016-12-16,32.5,32.900002,32.400002,32.599998,32.599998,256812
2016-12-19,33,34.400002,33,34.200001,34.200001,370969
2016-12-20,34.400002,34.5,33.299999,33.5,33.5,405154
2016-12-21,33.900002,33.900002,32.5,33,33,301811
2016-12-22,33,34,32.900002,34,34,200497
2016-12-23,34.400002,34.799999,33.900002,34.799999,34.799999,253423
2016-12-27,34.900002,35.400002,34.5,35,35,99164
2016-12-28,35.400002,35.400002,34.400002,35,35,139652
2016-12-29,34.900002,35.5,34.5,34.900002,34.900002,179856
2016-12-30,34.599998,35.400002,34.5,35.099998,35.099998,62757
2017-01-02,35.200001,35.599998,34.5,34.799999,34.799999,138598
2017-01-03,34.900002,35.299999,34.900002,35,35,186398
2017-01-04,35,35.200001,34.099998,34.799999,34.799999,157099
2017-01-05,34.599998,34.799999,33.700001,34.099998,34.099998,220179
2017-01-06,33.5,34.400002,33.5,34,34,98321
2017-01-09,34,35.099998,33.900002,35.099998,35.099998,249816
2017-01-10,35,35.700001,34.900002,35,35,109528
2017-01-11,34.5,37.200001,34.400002,37,37,364283
2017-01-12,37,37.299999,35.5,35.799999,35.799999,3287768
2017-01-13,35.5,37.099998,35.299999,36.700001,36.700001,218959
2017-01-16,36.299999,36.400002,35.5,35.5,35.5,146182
2017-01-17,35.5,35.700001,35.200001,35.5,35.5,105185
2017-01-18,35.5,36.599998,35.5,36,36,75165
2017-01-19,36,36.700001,35.5,36.299999,36.299999,131915
2017-01-20,37,37.299999,36.099998,37,37,402328
2017-01-23,37,37.299999,36,36,36,67442
2017-01-24,36.099998,36.900002,35.900002,36.099998,36.099998,94010
2017-01-25,36.400002,36.799999,35.5,35.5,35.5,133348
2017-01-26,36.200001,36.200001,35.099998,35.299999,35.299999,189965
2017-01-27,35.299999,35.5,34,35,35,256223
2017-01-30,34.799999,35.400002,34.400002,34.900002,34.900002,154106
2017-01-31,35,35.400002,34.700001,34.799999,34.799999,138655
2017-02-01,35.099998,36.099998,34.799999,35.700001,35.700001,232952
2017-02-02,36,36.200001,35.200001,35.599998,35.599998,150531
2017-02-03,36,36,35.5,35.700001,35.700001,66950
2017-02-06,35.900002,36,34.799999,35.099998,35.099998,202711
2017-02-07,34.799999,35.400002,34.799999,34.900002,34.900002,78668
2017-02-08,35,35.599998,34.400002,34.5,34.5,120324
2017-02-09,34.5,34.700001,34.099998,34.400002,34.400002,137242
2017-02-10,34.900002,35.5,32.400002,32.900002,32.900002,1006470
2017-02-13,33.5,33.900002,33,33.299999,33.299999,418909
2017-02-14,33.299999,33.5,32.5,32.700001,32.700001,369977
2017-02-15,32.599998,33,32.5,32.700001,32.700001,175827
2017-02-16,32.5,32.799999,31.299999,31.799999,31.799999,610431
2017-02-17,32.400002,32.400002,31.200001,31.299999,31.299999,205529
2017-02-20,31.799999,31.799999,30.299999,31.6,31.6,235480
2017-02-21,31.5,32.5,31.1,32.5,32.5,258145
2017-02-22,32.5,32.5,31.700001,31.799999,31.799999,141229
2017-02-23,31.700001,32.299999,30.700001,30.700001,30.700001,282947
2017-02-24,30.6,31.4,30.6,30.9,30.9,310406
2017-02-27,30.9,31.799999,30.6,31.1,31.1,94145
2017-02-28,30.6,31.9,30.6,31.9,31.9,144324
2017-03-01,31.9,32.200001,30.5,30.6,30.6,183438
2017-03-02,30.6,30.799999,30.299999,30.5,30.5,282284
2017-03-03,30.700001,31.1,29.799999,30.4,30.4,229860
2017-03-06,30.4,30.9,29.5,29.5,29.5,256740
2017-03-07,29.6,30.200001,29.6,30,30,251565
2017-03-08,29.700001,30.6,29.6,30.1,30.1,161726
2017-03-09,29.299999,29.9,28.9,29.1,29.1,396215
2017-03-10,29.200001,29.799999,29.200001,29.4,29.4,248931
2017-03-13,30.299999,31.700001,29.6,31,31,265262
2017-03-14,31,31.9,30.6,30.799999,30.799999,266313
2017-03-15,30.799999,31.4,30.4,30.4,30.4,517663
2017-03-16,31.799999,37,30.1,30.799999,30.799999,509110
2017-03-17,30.799999,31.200001,30.5,30.5,30.5,228393
2017-03-20,30.4,31.700001,30.4,31,31,144878
2017-03-21,31,32.900002,30.9,31.200001,31.200001,266480
2017-03-22,31,31.5,30.4,30.9,30.9,303044
2017-03-23,30.9,31.5,30.799999,31.4,31.4,199384
2017-03-24,31.4,31.9,30.9,31.799999,31.799999,225225
2017-03-27,31.700001,31.700001,30.700001,30.799999,30.799999,135933
2017-03-28,31,31.299999,30.299999,31,31,211465
2017-03-29,30.6,32.099998,30.6,32.099998,32.099998,135149
2017-03-30,31.6,31.700001,31,31.299999,31.299999,108006
2017-03-31,31.4,31.9,31.1,31.299999,31.299999,64122
2017-04-03,32.400002,32.400002,31,31.5,31.5,107112
2017-04-04,31,31.6,31,31.1,31.1,395220
2017-04-05,31.200001,31.700001,31.1,31.4,31.4,120109
2017-04-06,31.5,31.799999,31,31.1,31.1,210527
2017-04-07,31,31.700001,31,31.200001,31.200001,211396
2017-04-10,31.4,31.799999,31.200001,31.700001,31.700001,144808
2017-04-11,31.799999,31.9,31.200001,31.200001,31.200001,94382
2017-04-12,31.1,31.799999,31.1,31.799999,31.799999,41329
2017-04-18,31.5,31.700001,30.9,31,31,177400
2017-04-19,31.200001,31.200001,30.799999,31.1,31.1,118012
2017-04-20,31.1,31.9,31.1,31.700001,31.700001,123630
2017-04-21,31.700001,31.9,31,31,31,255568
2017-04-24,31.700001,33.400002,31,33,33,1044845
2017-04-25,33,34.5,32.799999,34.400002,34.400002,700850
2017-04-26,34.700001,34.700001,33.099998,33.900002,33.900002,339894
2017-04-27,34.400002,34.400002,33.5,34,34,143079
2017-04-28,34,34.599998,33.400002,34.400002,34.400002,290277
2017-05-02,34.900002,35,33.900002,35,35,246816
2017-05-03,35,35.5,34.400002,35.200001,35.200001,279342
2017-05-04,35.200001,35.900002,34.799999,35.5,35.5,228383
2017-05-05,35.700001,35.700001,34.799999,35.099998,35.099998,259966
2017-05-08,34.599998,35.599998,34.599998,35.599998,35.599998,140302
2017-05-09,35.599998,35.799999,35,35.700001,35.700001,203482
2017-05-10,36,36,34.900002,35,35,209984
2017-05-11,35,35.299999,34.599998,34.900002,34.900002,83841
2017-05-12,34.5,35.099998,34.299999,34.5,34.5,125772
2017-05-15,34.599998,35.099998,34.400002,34.599998,34.599998,122043
2017-05-16,34.700001,34.799999,34.099998,34.5,34.5,128126
2017-05-18,34.099998,35.400002,33.799999,35,35,182552
2017-05-19,35.5,35.5,34.599998,35.400002,35.400002,146053
2017-05-22,36.099998,36.700001,35.400002,35.900002,35.900002,407792
2017-05-23,36.5,36.5,35.700001,36.099998,36.099998,210737
2017-05-24,36.099998,37.200001,35.799999,37.200001,37.200001,355756
2017-05-26,37.200001,37.299999,36.5,37.099998,37.099998,143565
2017-05-29,37.099998,37.799999,36.799999,36.900002,36.900002,101026
2017-05-30,37,37.299999,36.400002,37,37,257980
2017-05-31,36.900002,37,35.400002,36.200001,36.200001,262809
2017-06-01,36.200001,37.200001,35.5,37.200001,37.200001,170377
2017-06-02,37,37.400002,36.700001,37.200001,37.200001,227721
2017-06-06,37.200001,37.299999,36,36.5,36.5,110076
2017-06-07,36.900002,36.900002,35.200001,35.400002,35.400002,240013
2017-06-08,36.099998,36.099998,35.299999,35.599998,35.599998,74177
2017-06-09,35.599998,36.900002,35.599998,36.599998,36.599998,323122
2017-06-12,36.200001,36.599998,34.200001,34.400002,34.400002,461330
2017-06-13,34.5,35.099998,33.299999,34.5,34.5,312279
2017-06-14,34.5,35,33.5,33.700001,33.700001,350225
2017-06-15,33.5,33.700001,32.599998,33.099998,33.099998,262454
2017-06-16,32.799999,34.099998,32.799999,33.799999,33.799999,422096
2017-06-19,35.5,35.5,33.200001,34,34,102355
2017-06-20,35.099998,35.099998,34,34.200001,34.200001,176047
2017-06-21,35.299999,35.299999,33.799999,34,34,195109
2017-06-22,34.400002,34.400002,33.299999,33.599998,33.599998,181011
2017-06-23,34.5,34.599998,33.599998,34,34,247889
2017-06-26,34.099998,34.5,33.700001,34,34,102628
2017-06-27,34,34.400002,33.799999,34.099998,34.099998,56481
2017-06-28,33.900002,34.5,33.299999,34.5,34.5,134663
2017-06-29,34.599998,34.799999,32.700001,33,33,242377
2017-06-30,33.5,33.700001,32.900002,33.200001,33.200001,182320
2017-07-03,33.200001,33.299999,31.700001,33,33,225449
2017-07-04,33,34.099998,32.900002,33.700001,33.700001,144256
2017-07-05,33.700001,34,33.299999,33.599998,33.599998,164050
2017-07-06,33.599998,33.700001,33.099998,33.5,33.5,119027
2017-07-07,34,34,33.400002,34,34,141440
2017-07-10,34,35,33.799999,34.599998,34.599998,157018
2017-07-11,34.599998,35.099998,34.299999,34.900002,34.900002,131056
2017-07-12,35.099998,35.799999,35.099998,35.299999,35.299999,175133
2017-07-13,36.5,40.5,35.900002,38,38,1733385
2017-07-14,38.5,39.400002,37,38.799999,38.799999,595245
2017-07-17,39,40,38,39.900002,39.900002,460614
2017-07-18,39.799999,39.799999,38.5,38.900002,38.900002,262752
2017-07-19,38.5,39.700001,38.5,39.5,39.5,166972
2017-07-20,39.5,39.599998,38.799999,39.200001,39.200001,189655
2017-07-21,39.200001,39.400002,38.799999,39.200001,39.200001,134285
2017-07-24,38.700001,39.5,38.700001,39.400002,39.400002,106957
2017-07-25,38.700001,39.799999,38.700001,39.799999,39.799999,263670
2017-07-26,39.799999,40.400002,39.200001,39.700001,39.700001,336557
2017-07-27,39.099998,40,39.099998,39.400002,39.400002,112784
2017-07-28,39,39.400002,38.5,39,39,198557
2017-07-31,39,39,38.400002,38.900002,38.900002,122388
2017-08-01,38.900002,39.5,38.700001,39,39,233899
2017-08-02,39,39.5,38.799999,39.099998,39.099998,317480
2017-08-03,39.099998,39.099998,38.400002,39,39,204792
2017-08-04,39.099998,39.099998,38.5,39,39,177603
2017-08-07,38.900002,39.400002,38.700001,39.099998,39.099998,247176
2017-08-08,39,39.5,38.700001,39,39,212126
2017-08-09,39,39,38.099998,38.599998,38.599998,129755
2017-08-10,38.099998,38.700001,38.099998,38.400002,38.400002,83271
2017-08-11,38,38,36.900002,37.200001,37.200001,138508
2017-08-14,35,38.400002,35,38.200001,38.200001,132802
2017-08-15,38.200001,38.200001,37.700001,37.900002,37.900002,77688
2017-08-16,38,40.299999,38,40.200001,40.200001,438659
2017-08-17,40.200001,40.200001,37.700001,39,39,606461
2017-08-18,38.900002,39.299999,38.099998,39.299999,39.299999,156277
2017-08-21,37.900002,38.900002,37.900002,38.5,38.5,122855
2017-08-22,38.5,38.799999,37.599998,38.5,38.5,140596
2017-08-23,38.5,38.700001,37.5,37.5,37.5,143705
2017-08-24,37.799999,37.900002,37,37.799999,37.799999,171397
2017-08-25,37.799999,37.799999,36.799999,37.799999,37.799999,124508
2017-08-28,37.799999,37.799999,37.200001,37.799999,37.799999,56101
2017-08-29,37.599998,37.599998,35.900002,37.200001,37.200001,172924
2017-08-30,37.400002,38.299999,37.200001,38.299999,38.299999,174046
2017-08-31,38.5,40.5,38.099998,40,40,649831
2017-09-01,39.5,41.900002,39.5,41.700001,41.700001,633320
2017-09-04,41.700001,42.200001,40.900002,42.200001,42.200001,262453
2017-09-05,42,42.700001,41.900002,42.200001,42.200001,249692
2017-09-06,42,43,41.900002,42.799999,42.799999,248921
2017-09-07,42.799999,43.799999,42.5,43.5,43.5,383824
2017-09-08,43.200001,43.5,42.599998,43.299999,43.299999,169830
2017-09-11,43,43.400002,41.700001,42.5,42.5,433000
2017-09-12,42.5,42.799999,42.299999,42.799999,42.799999,126041
2017-09-13,42.900002,44.299999,42.200001,43.700001,43.700001,333936
2017-09-14,43.200001,43.900002,42.799999,43.900002,43.900002,147690
2017-09-15,44.200001,45,44,44.299999,44.299999,294512
2017-09-18,44.799999,45,43.799999,44.200001,44.200001,155826
2017-09-19,44,44.799999,43.5,44.599998,44.599998,184258
2017-09-20,44.799999,44.799999,44.099998,44.5,44.5,146372
2017-09-21,44.200001,44.5,43.700001,44.5,44.5,175998
2017-09-22,44.299999,44.799999,43.299999,44.700001,44.700001,200142
2017-09-25,44.700001,45.400002,44.200001,44.5,44.5,244124
2017-09-26,43.099998,44,42.900002,43.5,43.5,126277
2017-09-27,44.700001,44.799999,43.900002,44.799999,44.799999,263545
2017-09-28,44.700001,46.299999,44.299999,46.099998,46.099998,212920
2017-09-29,46.400002,46.400002,43.799999,44,44,346823
2017-10-02,43.799999,44.599998,43.200001,43.599998,43.599998,219199
2017-10-03,43.900002,44.299999,43.400002,44,44,161541
2017-10-04,44.700001,45.400002,43.799999,44,44,463033
2017-10-05,44,44.299999,43.400002,44,44,197292
2017-10-06,44,45,43.799999,45,45,314673
2017-10-09,44.599998,44.599998,43.099998,44,44,170953
2017-10-10,43.799999,43.900002,43.099998,43.299999,43.299999,183373
2017-10-11,43.5,44,42.599998,43.299999,43.299999,356398
2017-10-12,43.299999,45.299999,43.299999,44.700001,44.700001,354897
2017-10-13,44.700001,45.400002,44.599998,45,45,134787
2017-10-16,45.900002,46.099998,44.200001,44.5,44.5,433978
2017-10-17,45,45.700001,43.799999,45,45,429600
2017-10-18,44.900002,45,42.799999,43.799999,43.799999,778202
2017-10-19,44,44.099998,42.299999,42.900002,42.900002,311884
2017-10-20,42.799999,43.599998,42.799999,43.200001,43.200001,242032
2017-10-23,43,43.099998,41.700001,41.900002,41.900002,218883
2017-10-24,42.099998,42.400002,41.799999,42,42,287106
2017-10-25,42,42.299999,41.5,42,42,267544
2017-10-26,42,42.200001,40.900002,41.5,41.5,243857
2017-10-27,41.5,42,40.900002,41.5,41.5,465374
2017-10-30,41.5,42.200001,41.5,41.799999,41.799999,451663
2017-10-31,42.200001,42.200001,40.400002,40.900002,40.900002,305701
2017-11-01,40.799999,41.099998,39.900002,40.400002,40.400002,415436
2017-11-02,40.400002,41.299999,39.400002,41.099998,41.099998,399463
2017-11-03,41.099998,42,41.099998,42,42,487668
2017-11-06,42,42,41,42,42,245210
2017-11-07,42,42,40.900002,40.900002,40.900002,343685
2017-11-08,40.900002,41.099998,39.799999,40.299999,40.299999,260479
2017-11-09,40.299999,40.900002,39.5,40.099998,40.099998,280933
2017-11-10,40,40.700001,39.799999,40.200001,40.200001,193369
2017-11-13,39.700001,39.900002,37.799999,38.5,38.5,438493
2017-11-14,38,39.5,38,38.5,38.5,248664
2017-11-15,38.799999,38.799999,37.700001,38,38,321396
2017-11-16,39.400002,39.400002,38.099998,38.400002,38.400002,205839
2017-11-17,38.700001,39.200001,38,39.099998,39.099998,394534
2017-11-20,39.200001,39.900002,38.900002,39.900002,39.900002,144609
2017-11-21,40,41.400002,39.5,41.400002,41.400002,226432
2017-11-22,41.299999,41.400002,40.099998,40.900002,40.900002,296399
2017-11-23,40.599998,40.799999,40,40.200001,40.200001,83861
2017-11-24,40.200001,41.099998,39.900002,40.799999,40.799999,248463
2017-11-27,40.799999,40.900002,39.799999,40.099998,40.099998,121884
2017-11-28,40.299999,40.5,39.599998,40.299999,40.299999,158233
2017-11-29,40.400002,40.400002,40,40,40,134845
2017-11-30,40,40,38.799999,39.400002,39.400002,398042
2017-12-01,39.5,39.700001,38.799999,39.400002,39.400002,125800
2017-12-04,39.700001,39.700001,39.200001,39.400002,39.400002,133653
2017-12-05,39,39.200001,38.599998,38.799999,38.799999,266367
2017-12-06,38.799999,38.799999,38,38.400002,38.400002,244614
2017-12-07,38.400002,39.5,38.400002,39.400002,39.400002,281682
2017-12-08,40,40.799999,39.700001,40.799999,40.799999,343611
2017-12-11,40.799999,41.200001,40.5,41,41,146866
2017-12-12,40.200001,42.400002,40.200001,41.799999,41.799999,346030
2017-12-13,41.900002,42.400002,41.400002,41.900002,41.900002,319980
2017-12-14,42,42,41.200001,42,42,218776
2017-12-15,42,42,41,41.400002,41.400002,297323
2017-12-18,41.400002,41.900002,40.900002,41.400002,41.400002,120054
2017-12-19,41,42,41,41.799999,41.799999,140302
2017-12-20,41.799999,42.099998,41.700001,41.900002,41.900002,154432
2017-12-21,42,42.200001,41.599998,42,42,189671
2017-12-22,41.900002,42,41.700001,41.900002,41.900002,129395
2017-12-27,41.900002,42.099998,41.599998,42,42,85479
2017-12-28,42,42,41.5,41.900002,41.900002,119826
2017-12-29,41.5,42,41.5,42,42,61430
2018-01-02,42,43.400002,41.700001,43,43,348643
2018-01-03,43,43.5,42.599998,43.5,43.5,334311
2018-01-04,43.700001,45.599998,43.599998,45.599998,45.599998,567401
2018-01-05,45.599998,46.25,44.200001,46.099998,46.099998,378158
2018-01-08,46.099998,46.400002,44.599998,45.650002,45.650002,289170
2018-01-09,45.200001,46.349998,45.200001,46.200001,46.200001,389370
2018-01-10,46.5,47.099998,46.049999,46.400002,46.400002,586147
2018-01-11,46.400002,48,46.299999,47.150002,47.150002,686508
2018-01-12,47.5,49.099998,47.150002,48.599998,48.599998,593018
2018-01-15,48.700001,49.049999,46.900002,47.549999,47.549999,268863
2018-01-16,47.5,48.599998,47.450001,48.299999,48.299999,195354
2018-01-17,47.599998,48.299999,47.099998,47.400002,47.400002,198083
2018-01-18,47.400002,48.599998,47.400002,47.700001,47.700001,396498
2018-01-19,48,49,47.849998,48.5,48.5,346880
2018-01-22,49.099998,50.5,49.049999,49.400002,49.400002,1053435
2018-01-23,49.5,49.549999,47.349998,48.75,48.75,823428
2018-01-24,48.950001,48.950001,47.450001,47.900002,47.900002,224511
2018-01-25,47.900002,47.900002,46.75,46.900002,46.900002,370313
2018-01-26,47.200001,47.450001,46,46,46,381376
2018-01-29,46,48.75,46,46.400002,46.400002,287123
2018-01-30,46.400002,46.650002,45.599998,46.099998,46.099998,219074
2018-01-31,46,46.650002,45.349998,45.799999,45.799999,320986
2018-02-01,46.150002,46.599998,45.650002,46.599998,46.599998,316074
2018-02-02,46.25,46.549999,45.849998,46.049999,46.049999,324376
2018-02-05,45.5,45.700001,44.599998,45,45,277886
2018-02-06,42.150002,44.5,41.5,43.25,43.25,529565
2018-02-07,43.400002,44.599998,42.25,44.400002,44.400002,408232
2018-02-08,43.900002,44.549999,42.799999,42.900002,42.900002,254711
2018-02-09,41.099998,43.5,41.099998,42.400002,42.400002,455700
2018-02-12,42.450001,44.799999,42.450001,44.599998,44.599998,248220
2018-02-13,44.799999,45.900002,44.049999,45.200001,45.200001,314886
2018-02-14,46.099998,47.299999,45.200001,45.400002,45.400002,490943
2018-02-15,44.5,46.200001,42.900002,44.5,44.5,918486
2018-02-16,44.5,44.599998,41.400002,42,42,1126487
2018-02-19,43,43.099998,40.900002,42,42,671770
2018-02-20,42.099998,44.150002,41.549999,44,44,473424
2018-02-21,44,44.349998,42.950001,44.200001,44.200001,338646
2018-02-22,43.75,44.25,43.049999,44,44,383016
2018-02-23,44.400002,44.650002,43.75,44.5,44.5,198555
2018-02-26,44.950001,46.450001,44.75,45.849998,45.849998,209692
2018-02-27,46.299999,46.299999,45.299999,45.950001,45.950001,266791
2018-02-28,45.650002,46,45.5,46,46,383756
2018-03-01,46,46.299999,45.400002,45.5,45.5,171801
2018-03-02,45.299999,45.299999,43.599998,44.299999,44.299999,350269
2018-03-05,44.349998,46.200001,44,45.900002,45.900002,265936
2018-03-06,46.599998,47.549999,46.5,47.150002,47.150002,562255
2018-03-07,47.150002,47.200001,46.400002,47.099998,47.099998,353640
2018-03-08,47.200001,49.349998,47.150002,48.599998,48.599998,610453
2018-03-09,48.849998,49.049999,48.349998,49,49,263454
2018-03-12,49.400002,49.400002,48.400002,48.700001,48.700001,218136
2018-03-13,49.150002,49.200001,48.299999,48.5,48.5,118904
2018-03-14,48.5,49,47.950001,48,48,202636
2018-03-15,48.5,48.900002,47.549999,48.349998,48.349998,168989
2018-03-16,48.349998,48.5,47.650002,47.75,47.75,253417
2018-03-19,47.900002,48.099998,46.900002,47.549999,47.549999,235272
2018-03-20,47.549999,47.950001,46.849998,47.599998,47.599998,112021
2018-03-21,47.599998,49,47.599998,48.650002,48.650002,239453
2018-03-22,48.700001,49.099998,47.799999,48,48,200553
2018-03-23,46.5,48.299999,46.299999,48.200001,48.200001,300376
2018-03-26,48.200001,48.5,45.900002,46.5,46.5,314142
2018-03-27,46.799999,47.349998,46.049999,46.25,46.25,239867
2018-03-28,46.349998,46.650002,44.700001,46.650002,46.650002,203809
2018-04-03,46.700001,46.700001,45.049999,46.099998,46.099998,399248
2018-04-04,45.700001,46,44.349998,45.25,45.25,409858
2018-04-05,45.5,46.75,45.5,46.450001,46.450001,273822
2018-04-06,45.950001,46.900002,45.75,46.900002,46.900002,273784
2018-04-09,46.849998,47.849998,46.299999,47.200001,47.200001,208513
2018-04-10,47.200001,47.900002,46.5,46.799999,46.799999,178338
2018-04-11,47,47.200001,45,46.549999,46.549999,384811
2018-04-12,47.5,48.950001,47,47.5,47.5,752719
2018-04-13,47.5,48.400002,46.75,47,47,551873
2018-04-16,47.450001,47.849998,46.400002,47,47,368399
2018-04-17,50,57,50,55.900002,55.900002,3236124
2018-04-18,53.900002,56.900002,53.099998,55.599998,55.599998,1309419
2018-04-19,55.599998,56.700001,54.5,55.700001,55.700001,772533
2018-04-20,54.799999,55.200001,53.299999,53.5,53.5,605111
2018-04-23,53.5,54.700001,53.400002,53.5,53.5,348433
2018-04-24,53.5,54.099998,53.200001,53.299999,53.299999,239999
2018-04-25,50,51,49.549999,49.799999,49.799999,1282400
2018-04-26,50,50.5,49,50.400002,50.400002,666165
2018-04-27,50.599998,50.799999,49.349998,50.5,50.5,840441
2018-04-30,50.5,51.5,49.650002,50.700001,50.700001,767659
2018-05-02,51.900002,51.900002,50.900002,51.099998,51.099998,680541
2018-05-03,51.299999,53.400002,51.099998,52.099998,52.099998,944410
2018-05-04,52.299999,53.400002,51.799999,52.799999,52.799999,509329
2018-05-07,53,53.799999,52.900002,53.099998,53.099998,231881
2018-05-08,53.400002,54,53.099998,53.799999,53.799999,387710
2018-05-09,54.099998,54.099998,53.299999,54,54,478447
2018-05-11,55,56.599998,54.5,56.200001,56.200001,841639
2018-05-14,56,56.599998,55,55.5,55.5,354676
2018-05-15,55.900002,56.5,55.599998,56.299999,56.299999,291797
2018-05-16,56.400002,56.700001,54.799999,55,55,335413
2018-05-18,55.700001,57.200001,54.900002,56.400002,56.400002,314297
2018-05-22,56.5,57,55.599998,56.200001,56.200001,392322
2018-05-23,56.200001,56.200001,54.700001,55.400002,55.400002,175307
2018-05-24,55.299999,56,54.400002,54.5,54.5,147084
2018-05-25,54.599998,55.299999,54.200001,54.700001,54.700001,292805
2018-05-28,54.700001,55.099998,54.200001,54.200001,54.200001,86502
2018-05-29,54.799999,55.299999,53.299999,54.900002,54.900002,238710
2018-05-30,54.400002,55.299999,53.799999,53.799999,53.799999,281367
2018-05-31,54.5,54.700001,53.299999,54.5,54.5,551682
2018-06-01,54,55.200001,53.900002,54.200001,54.200001,232431
2018-06-04,54.400002,55.200001,54.299999,55,55,167555
2018-06-05,55,56.400002,54.599998,55.5,55.5,314635
2018-06-06,55.5,58.5,55.200001,57.799999,57.799999,499628
2018-06-07,57.799999,58.099998,57.299999,57.5,57.5,455460
2018-06-08,57.700001,58.299999,57,57.299999,57.299999,190994
2018-06-11,57.299999,57.700001,56.900002,57.099998,57.099998,157300
2018-06-12,57.299999,57.299999,55.799999,56.5,56.5,178731
2018-06-13,56.599998,58.299999,56.299999,57.599998,57.599998,255567
2018-06-14,57.700001,57.799999,57,57.799999,57.799999,227356
2018-06-15,57.799999,58.299999,57.200001,57.599998,57.599998,561895
2018-06-18,57,57.400002,55.700001,56.5,56.5,195828
2018-06-19,56.5,56.5,54.799999,55.799999,55.799999,292674
2018-06-20,56.400002,56.700001,55.400002,55.900002,55.900002,291116
2018-06-21,55.900002,56,53.599998,55.099998,55.099998,458247
2018-06-22,55,55.099998,54,54.5,54.5,172470
2018-06-25,56,56,52.799999,53.200001,53.200001,397158
2018-06-26,53.200001,54.299999,52.799999,53.299999,53.299999,275593
2018-06-27,53.200001,53.599998,52.400002,53.099998,53.099998,257506
2018-06-28,52.700001,53.099998,51.200001,51.400002,51.400002,477360
2018-06-29,51.599998,52.900002,51.599998,52.200001,52.200001,247253
2018-07-02,52,52,50.5,51,51,320940
2018-07-03,51.700001,53.700001,51.5,52.5,52.5,456389
2018-07-04,52.5,53,50.599998,51.299999,51.299999,243892
2018-07-05,51.099998,52.099998,50.400002,51.400002,51.400002,373385
2018-07-06,51.799999,52.099998,50.599998,51.200001,51.200001,215620
2018-07-09,51.400002,52.599998,51.400002,52.200001,52.200001,369534
2018-07-10,52.599998,55.400002,51.799999,55,55,373254
2018-07-11,53.200001,53.799999,51.900002,52.5,52.5,410530
2018-07-12,54.599998,55,50.5,51.099998,51.099998,1078926
2018-07-13,51.200001,51.299999,47.849998,48.200001,48.200001,707525
2018-07-16,48.299999,49.099998,47.900002,48.450001,48.450001,526895
2018-07-17,48.25,48.650002,47.549999,48.450001,48.450001,459831
2018-07-18,49.5,49.900002,48.700001,49.799999,49.799999,339055
2018-07-19,49.900002,49.900002,48.5,49.599998,49.599998,442222
2018-07-20,49.700001,51.299999,49.700001,51.200001,51.200001,401702
2018-07-23,51.099998,51.700001,49.950001,50.400002,50.400002,431655
2018-07-24,50,50,48.349998,49.900002,49.900002,329544
2018-07-25,49.900002,50.099998,49,50.099998,50.099998,268360
2018-07-26,50,51.200001,49.700001,49.900002,49.900002,217273
2018-07-27,50.200001,51.5,49.849998,51.299999,51.299999,185524
2018-07-30,50.900002,50.900002,50,50.5,50.5,144308
2018-07-31,50.400002,50.799999,48.599998,49.099998,49.099998,558646
2018-08-01,49.400002,50.099998,48.799999,49.75,49.75,255411
2018-08-02,49.700001,49.700001,48.900002,49.299999,49.299999,279201
2018-08-03,49.150002,50.400002,49.099998,49.75,49.75,119803
2018-08-06,49.650002,49.900002,48.75,49.400002,49.400002,187971
2018-08-07,49.400002,49.75,48.900002,49.400002,49.400002,264076
2018-08-08,49.599998,50.799999,49.200001,50.700001,50.700001,221452
2018-08-09,50.900002,51.700001,50.299999,51.599998,51.599998,184816
2018-08-10,51.700001,51.700001,50.400002,51.099998,51.099998,279954
2018-08-13,50.5,50.900002,49.849998,50.799999,50.799999,153231
2018-08-14,50.900002,50.900002,49.599998,50.200001,50.200001,147157
2018-08-15,50.5,50.5,48.5,48.900002,48.900002,239948
2018-08-16,48.799999,49,48.299999,48.650002,48.650002,135448
2018-08-17,48.450001,48.799999,47.700001,48.150002,48.150002,205522
2018-08-20,48.450001,49.75,48.150002,49.75,49.75,178691
2018-08-21,49.75,51,49.400002,51,51,241215
2018-08-22,50.599998,51,50.099998,50.900002,50.900002,240872
2018-08-23,51.200001,52.200001,50.700001,52,52,315956
2018-08-24,53.5,53.599998,52.099998,52.5,52.5,607997
2018-08-27,52.299999,53.299999,52.299999,52.299999,52.299999,239963
2018-08-28,52.299999,53,51.799999,52.5,52.5,360854
2018-08-29,52,52.900002,50.799999,51,51,591195
2018-08-30,51,52.299999,50.799999,52,52,442590
2018-08-31,51.900002,52.200001,51.299999,51.299999,51.299999,647520
2018-09-03,51.299999,51.799999,51.299999,51.599998,51.599998,163593
2018-09-04,51.599998,52.299999,50.900002,51.5,51.5,154469
2018-09-05,51.5,51.700001,51,51,51,129524
2018-09-06,51.099998,51.200001,50.200001,50.400002,50.400002,273756
2018-09-07,50.400002,50.400002,48.299999,49,49,363234
2018-09-10,49.25,51.400002,48.400002,50.200001,50.200001,432208
2018-09-11,50.799999,50.799999,49.049999,49.400002,49.400002,303517
2018-09-12,49.5,49.700001,48.299999,48.799999,48.799999,406149
2018-09-13,48.799999,49.349998,48.099998,49,49,225170
2018-09-14,49,49.700001,48.400002,48.900002,48.900002,285306
2018-09-17,48.799999,48.799999,47.900002,48.049999,48.049999,313427
2018-09-18,48.25,48.25,46.900002,48,48,513046
2018-09-19,47.900002,48.650002,47.650002,47.650002,47.650002,223952
2018-09-20,48.150002,48.150002,47.5,47.799999,47.799999,329233
2018-09-21,48.5,49,47.700001,48.299999,48.299999,445107
2018-09-24,49,49.049999,47.849998,48.049999,48.049999,260451
2018-09-25,48,48.700001,48,48.200001,48.200001,265007
2018-09-26,48.450001,48.849998,47.5,47.799999,47.799999,248100
2018-09-27,48.150002,48.150002,46.900002,47.700001,47.700001,272523
2018-09-28,47.5,48,46.900002,47,47,463060
2018-10-01,47,47.299999,46.400002,46.650002,46.650002,470107
2018-10-02,46.599998,47.099998,45.75,46.75,46.75,392970
2018-10-03,47.049999,47.599998,45.849998,45.849998,45.849998,323314
2018-10-04,45.849998,46.150002,44.849998,44.950001,44.950001,429479
2018-10-05,44.900002,44.900002,43.799999,44.75,44.75,260890
2018-10-08,44.549999,44.549999,42.849998,43.099998,43.099998,365023
2018-10-09,43.099998,43.5,41.75,42.75,42.75,762785
2018-10-10,42.75,43.400002,41.5,41.549999,41.549999,647472
2018-10-11,40.099998,41.900002,39.799999,41.400002,41.400002,922589
2018-10-12,41.599998,42.349998,41.450001,41.849998,41.849998,388704
2018-10-15,42,42,40.700001,41.299999,41.299999,452976
2018-10-16,42.349998,44.150002,42.349998,43.900002,43.900002,992600
2018-10-17,41.799999,42,38.049999,40.200001,40.200001,2671175
2018-10-18,40.25,40.25,37.25,37.5,37.5,1529967
2018-10-19,37.049999,38.549999,37,38.450001,38.450001,1354117
2018-10-22,38.849998,39,36.799999,36.950001,36.950001,1150284
2018-10-23,37,37,34.049999,34.299999,34.299999,1547301
2018-10-24,35.049999,35.549999,34,34.049999,34.049999,995157
2018-10-25,33,36.299999,32.900002,36,36,874530
2018-10-26,35.700001,35.700001,33.900002,34.099998,34.099998,723135
2018-10-29,34.5,36.200001,34.5,35.549999,35.549999,589127
2018-10-30,35.950001,36.049999,34.5,35,35,591354
2018-10-31,36,36.75,35.549999,36,36,617979
2018-11-01,36.349998,37.400002,35.700001,37.400002,37.400002,592862
2018-11-02,37.650002,39.200001,37.099998,39.150002,39.150002,1120874
2018-11-05,38.950001,38.950001,37.400002,37.450001,37.450001,526130
2018-11-06,37.900002,37.900002,36.599998,37.700001,37.700001,365063
2018-11-07,38,41.650002,37.650002,41,41,1857908
2018-11-08,41.650002,41.799999,39,39.900002,39.900002,919245
2018-11-09,40,40,38.549999,39.150002,39.150002,353831
2018-11-12,39.599998,39.599998,37.5,37.950001,37.950001,574666
2018-11-13,37.700001,38.400002,36.799999,37.25,37.25,526784
2018-11-14,37,38.150002,36.349998,37.400002,37.400002,371923
2018-11-15,37.099998,37.700001,36.150002,36.75,36.75,320332
2018-11-16,36.599998,38.049999,36.599998,37.599998,37.599998,278764
2018-11-19,37.849998,38.599998,37.049999,37.25,37.25,422648
2018-11-20,36.900002,36.900002,34.400002,35,35,672410
2018-11-21,35.549999,36.200001,35.25,35.950001,35.950001,367100
2018-11-22,36,36.150002,35.299999,35.5,35.5,220092
2018-11-23,35.549999,35.950001,34.950001,35.799999,35.799999,210944
2018-11-26,36,36.900002,36,36.75,36.75,229871
2018-11-27,36.950001,38,36.450001,37.5,37.5,370433
2018-11-28,37.799999,38.299999,37.599998,38,38,288089
2018-11-29,38.650002,38.75,38.049999,38.5,38.5,274878
2018-11-30,38.450001,38.799999,37.599998,38.200001,38.200001,268657
2018-12-03,37.150002,38.849998,29.4,30,30,3961893
2018-12-04,30.200001,30.799999,29.25,29.799999,29.799999,1553887
2018-12-05,29.25,31.200001,28,30.6,30.6,1810735
2018-12-06,30.450001,30.450001,27.799999,28.049999,28.049999,1234546
2018-12-07,28.700001,29.4,28.450001,29.15,29.15,637309
2018-12-10,28.75,28.799999,27.299999,28.700001,28.700001,1355453
2018-12-11,29,30.450001,28.799999,30.1,30.1,1007881
2018-12-12,30.75,30.75,29.4,30.25,30.25,584518
2018-12-13,30.4,30.75,29.6,30.299999,30.299999,483979
2018-12-14,30,30,28.700001,29,29,629983
2018-12-17,29.200001,29.799999,28.049999,28.65,28.65,499833
2018-12-18,28.4,30.450001,27.700001,29.75,29.75,795065
2018-12-19,29.049999,30.450001,28.75,30.299999,30.299999,520930
2018-12-20,29.5,30.200001,29,29,29,767601
2018-12-21,29,29.25,28.25,28.799999,28.799999,625302
2018-12-27,28.799999,29.549999,27.4,27.5,27.5,508157
2018-12-28,27.950001,29.200001,27.950001,28.9,28.9,573940
2019-01-02,29,30,28.200001,30,30,422962
2019-01-03,29.5,29.6,28.15,28.35,28.35,608791
2019-01-04,28.299999,29.6,28.299999,29.200001,29.200001,654231
2019-01-07,29.700001,30.6,29.4,30.5,30.5,1060348
2019-01-08,30.549999,31.6,30.549999,31.25,31.25,581846
2019-01-09,31.4,31.700001,30.6,30.85,30.85,474581
2019-01-10,30.6,31,29.75,30.1,30.1,538807
2019-01-11,30.200001,30.450001,29.65,30.200001,30.200001,403728
2019-01-14,30.200001,30.35,29.75,29.799999,29.799999,267162
2019-01-15,30,30.25,29.049999,29.5,29.5,310699
2019-01-16,29.700001,29.85,29.35,29.549999,29.549999,210589
2019-01-17,29.549999,29.85,29.25,29.75,29.75,189815
2019-01-18,29.9,30.549999,29.549999,29.9,29.9,491320
2019-01-21,30,31.700001,29.9,31.15,31.15,1013632
2019-01-22,30.950001,31.299999,29.5,29.6,29.6,469798
2019-01-23,29.700001,29.75,28.75,29.15,29.15,358913
2019-01-24,29.700001,29.75,28.950001,29.549999,29.549999,333386
2019-01-25,29.700001,30.450001,29.700001,29.85,29.85,364397
2019-01-28,30,30.299999,29.15,29.299999,29.299999,496432
2019-01-29,30,30,28.5,28.5,28.5,293744
2019-01-30,28.35,29.35,28.15,29.299999,29.299999,483640
2019-01-31,29.5,30,29.049999,29.25,29.25,328391
2019-02-01,29.700001,30.200001,29.200001,29.75,29.75,691865
2019-02-04,30.200001,30.35,29.15,29.35,29.35,375172
2019-02-05,26,28.700001,25.700001,28.450001,28.450001,2821344
2019-02-06,27.85,30,27.5,30,30,1256735
2019-02-07,29.700001,30.299999,29,29.25,29.25,739791
2019-02-08,29.15,30,28.75,29.799999,29.799999,473652
2019-02-11,29.799999,30.85,29.700001,30.65,30.65,577219
2019-02-12,30.799999,34.099998,30.700001,33.450001,33.450001,1956352
2019-02-13,33.400002,34.099998,32.75,34.049999,34.049999,508221
2019-02-14,34.099998,34.200001,33.25,34.049999,34.049999,487345
2019-02-15,34.049999,34.700001,33.900002,34.5,34.5,451690
2019-02-18,34.599998,35.200001,34.450001,34.900002,34.900002,307526
2019-02-19,34.950001,34.950001,34.25,34.75,34.75,252585
2019-02-20,35,35,34.400002,34.599998,34.599998,314838
2019-02-21,34.75,35.349998,34.549999,35,35,403812
2019-02-22,35.150002,35.349998,34.900002,35.150002,35.150002,332424
2019-02-25,35.150002,36.299999,35.150002,36.150002,36.150002,413633
2019-02-26,36.200001,37,35.700001,36.5,36.5,689834
2019-02-27,36.599998,37.299999,36.150002,36.950001,36.950001,667469
2019-02-28,36.950001,36.950001,36.150002,36.400002,36.400002,431588
2019-03-01,36.400002,36.700001,36.25,36.5,36.5,192470
2019-03-04,36.849998,37.25,36.049999,36.5,36.5,352560
2019-03-05,36.700001,36.700001,35.900002,36.599998,36.599998,290978
2019-03-06,36.549999,36.799999,36.049999,36.400002,36.400002,155234
2019-03-07,36.299999,36.349998,35.400002,35.799999,35.799999,463311
2019-03-08,35.5,35.700001,35.099998,35.450001,35.450001,371215
2019-03-11,35.700001,36.049999,35.599998,35.950001,35.950001,251537
2019-03-12,36.049999,36.549999,35.900002,36.200001,36.200001,239786
2019-03-13,35.099998,36.5,35.099998,35.849998,35.849998,438077
2019-03-14,35.950001,36,35.349998,35.349998,35.349998,281876
2019-03-15,35.349998,35.700001,35.099998,35.099998,35.099998,594218
2019-03-18,35.200001,35.700001,34.799999,35.150002,35.150002,374158
2019-03-19,35.200001,35.75,35.099998,35.349998,35.349998,352019
2019-03-20,35.349998,35.75,35.200001,35.349998,35.349998,306734
2019-03-21,35.200001,36.950001,35.200001,36.849998,36.849998,507827
2019-03-22,36.950001,37.400002,36.049999,36.25,36.25,259710
2019-03-25,36.25,37.099998,35.25,36.299999,36.299999,623003
2019-03-26,36.650002,38.150002,36.049999,37.849998,37.849998,924940
2019-03-27,37.5,37.849998,35.900002,36,36,622491
2019-03-28,35.950001,36.75,35.450001,35.950001,35.950001,248003
2019-03-29,35.849998,36.5,35.700001,36.099998,36.099998,249938
2019-04-01,36.16,37.48,36.099998,37.200001,37.200001,260858
2019-04-02,37.299999,37.880001,37.040001,37.119999,37.119999,365856
2019-04-03,37,38.700001,37,37.419998,37.419998,386758
2019-04-04,38.200001,38.200001,37.360001,38.139999,38.139999,159464
2019-04-05,37.919998,38.919998,37.919998,38.740002,38.740002,593106
2019-04-08,39.299999,39.5,38.080002,38.240002,38.240002,664709
2019-04-09,38.220001,38.66,37.860001,38,38,353159
2019-04-10,38.099998,38.18,37.32,37.759998,37.759998,256615
2019-04-11,38,38,37.18,37.360001,37.360001,250727
2019-04-12,37.5,38,36.860001,37,37,277920
2019-04-15,37.099998,37.740002,36.84,36.860001,36.860001,241390
2019-04-16,37.32,37.919998,37.060001,37.619999,37.619999,264225
2019-04-17,37.619999,37.619999,37.619999,37.619999,37.619999,0
2019-04-23,37.700001,38,36.52,36.599998,36.599998,519543
2019-04-24,39.139999,42.5,38.400002,41.900002,41.900002,2508503
2019-04-25,41.900002,43.68,41.599998,43,43,1293729
2019-04-26,43,43.400002,41.459999,42.279999,42.279999,752511
2019-04-29,42.279999,42.619999,41.200001,41.200001,41.200001,378629
2019-04-30,40.900002,41.580002,40.639999,41,41,423460
2019-05-02,41,41.66,40.540001,40.900002,40.900002,325059
2019-05-03,40.799999,41.68,40.599998,41.400002,41.400002,189851
2019-05-06,40.959999,40.98,39,39.580002,39.580002,321177
2019-05-07,39.959999,40.5,39.580002,40,40,291845
2019-05-08,40.400002,40.759998,39.5,40.52,40.52,281461
2019-05-09,40.139999,40.639999,39.18,39.240002,39.240002,247150
2019-05-10,39.5,40.700001,39.240002,40.099998,40.099998,344731
2019-05-13,40,40,38.5,38.900002,38.900002,288017
2019-05-14,39,39.400002,37.799999,38.259998,38.259998,630955
2019-05-15,38.259998,39.200001,38.02,38.700001,38.700001,356608
2019-05-16,38.700001,40.259998,38.5,39.5,39.5,309920
2019-05-20,39.5,39.700001,37.139999,37.240002,37.240002,384514
2019-05-21,37.279999,39.259998,37,39.080002,39.080002,287453
2019-05-22,39.200001,40,38.400002,39.200001,39.200001,362200
2019-05-23,39,39.139999,37.740002,38.119999,38.119999,223138
2019-05-24,38.02,39.34,36.959999,36.959999,36.959999,234466
2019-05-27,36,37.84,36,37.200001,37.200001,146045
2019-05-28,37,37.299999,36.34,36.599998,36.599998,343643
2019-05-29,36.299999,36.32,35,35.84,35.84,553081
2019-05-31,35.380001,36.16,34.799999,35.759998,35.759998,535306
2019-06-03,36.459999,37.599998,35.299999,36.82,36.82,283841
2019-06-04,36.279999,37.02,35.799999,36.779999,36.779999,137519
2019-06-05,36.700001,37.580002,36.560001,36.82,36.82,140127
2019-06-06,35.82,36.98,35.82,36.220001,36.220001,202991
2019-06-07,36.220001,37.419998,36.16,36.700001,36.700001,266705
2019-06-11,37.040001,38.259998,36.919998,37.540001,37.540001,225594
2019-06-12,37.560001,37.740002,35.740002,36.16,36.16,245683
2019-06-13,36.16,36.16,34.700001,35.34,35.34,212072
2019-06-14,35.34,35.68,34.279999,35.099998,35.099998,254147
2019-06-17,35.099998,36.299999,34.720001,35.799999,35.799999,256142
2019-06-18,36.84,37.5,34.959999,37.400002,37.400002,449502
2019-06-19,38,38.02,36.380001,36.84,36.84,226361
2019-06-20,36.900002,38.200001,36.720001,37.84,37.84,240113
2019-06-21,37.740002,37.740002,35.799999,36.060001,36.060001,480005
2019-06-24,37.5,37.5,35.560001,35.799999,35.799999,140152
2019-06-25,36.560001,36.560001,35.32,35.900002,35.900002,261360
2019-06-26,35.900002,36.66,35.52,36.220001,36.220001,246149
2019-06-27,36.48,37.400002,36.419998,36.860001,36.860001,263842
2019-06-28,36.48,37.119999,35.259998,35.799999,35.799999,616800
2019-07-01,36.02,37.639999,36.02,37.619999,37.619999,510764
2019-07-02,37.959999,38.66,37.139999,38.080002,38.080002,326864
2019-07-03,38.099998,38.279999,37.560001,37.939999,37.939999,224753
2019-07-04,37.900002,38.400002,37.68,38.16,38.16,112316
2019-07-05,38.16,38.16,37.419998,37.799999,37.799999,133072
2019-07-08,38,38.139999,37.540001,37.98,37.98,243148
2019-07-09,38.040001,38.080002,37.299999,38.02,38.02,180464
2019-07-10,38.02,39.200001,37.639999,39.139999,39.139999,337258
2019-07-11,39.139999,39.880001,37.779999,39.419998,39.419998,827251
2019-07-12,39.419998,41.720001,39.16,41.639999,41.639999,874760
2019-07-15,41.720001,41.720001,40.48,41.5,41.5,285383
2019-07-16,41.419998,41.84,41,41.5,41.5,200535
2019-07-17,41.5,41.900002,41.16,41.299999,41.299999,237168
2019-07-18,40.799999,41.200001,40.439999,41,41,268806
2019-07-19,41.34,42.099998,41.279999,42.060001,42.060001,287301
2019-07-22,41.98,42.740002,41.439999,42.5,42.5,195664
2019-07-23,42.799999,43.400002,42.5,42.759998,42.759998,275668
2019-07-24,42.98,43.279999,42.619999,42.880001,42.880001,223733
2019-07-25,43,43.560001,42.759998,42.900002,42.900002,225159
2019-07-26,43.380001,43.580002,42.540001,43.5,43.5,223153
2019-07-29,43.700001,44.34,43.34,44,44,248768
2019-07-30,44,44.200001,43.16,43.82,43.82,280246
2019-07-31,43.599998,44.919998,43.599998,44.240002,44.240002,363882
2019-08-01,44.68,44.68,43.540001,43.799999,43.799999,155744
2019-08-02,43.82,43.82,41.740002,41.82,41.82,277770
2019-08-05,40.68,41,39.700001,40,40,472153
2019-08-06,39.900002,40.380001,39.799999,40.099998,40.099998,225310
2019-08-07,40.560001,41.540001,39.5,39.5,39.5,202534
2019-08-08,39.779999,40.279999,39.68,40.279999,40.279999,137191
2019-08-09,41,41,39.32,39.560001,39.560001,178313
2019-08-12,39.599998,40.400002,38.880001,39.5,39.5,252852
2019-08-13,39,40.34,38.98,40.139999,40.139999,191436
2019-08-14,41,41,38.5,38.799999,38.799999,291268
2019-08-15,39.259998,39.34,38.099998,38.98,38.98,326263
2019-08-16,39,40.299999,39,40.02,40.02,140722
2019-08-19,40.200001,41.400002,40.18,41.119999,41.119999,145436
2019-08-20,40.799999,41.48,40.240002,40.439999,40.439999,96777
2019-08-21,40.439999,41.5,40.400002,41.419998,41.419998,220510
2019-08-22,41.599998,42.240002,40.84,41.740002,41.740002,154637
2019-08-23,41.740002,41.98,39.32,40.419998,40.419998,131365
2019-08-26,40.220001,40.220001,39.459999,40,40,183808
2019-08-27,39.720001,41.080002,39.48,40.779999,40.779999,179297
2019-08-28,40.779999,41.279999,40.360001,41,41,217753
2019-08-29,41.299999,41.619999,40.779999,41.5,41.5,219816
2019-08-30,41,42.32,40.5,41.279999,41.279999,172496
2019-09-02,41.5,43.759998,41.5,43.759998,43.759998,375313
2019-09-03,43.720001,44.860001,42.66,44,44,433553
2019-09-04,44,45.799999,44,45,45,355000
2019-09-05,44.419998,46.240002,44.419998,45.16,45.16,250522
2019-09-06,45.220001,45.68,44.740002,45.16,45.16,217450
2019-09-09,45.16,46.16,44.48,45.34,45.34,321278
2019-09-10,45,45.880001,44.959999,45.700001,45.700001,173338
2019-09-11,45.900002,45.900002,43.299999,45,45,467988
2019-09-12,44.98,46.639999,44.98,46.619999,46.619999,477309
2019-09-13,46.259998,47.779999,46.259998,47.119999,47.119999,183871
2019-09-16,47.119999,48.84,46.560001,48.400002,48.400002,268156
2019-09-17,49,49.240002,48.02,48.400002,48.400002,438795
2019-09-18,49,51.849998,49,50,50,1010400
2019-09-19,50,50.549999,49.360001,49.599998,49.599998,200396
2019-09-20,49.5,50.650002,48.919998,50.400002,50.400002,228077
2019-09-23,50.200001,50.200001,49.32,49.560001,49.560001,157356
2019-09-24,49.700001,50.950001,49.580002,50.849998,50.849998,253080
2019-09-25,50.599998,50.599998,49.419998,50.049999,50.049999,159285
2019-09-26,50.150002,51.099998,49.400002,49.619999,49.619999,165386
2019-09-27,49.380001,49.52,48.580002,48.580002,48.580002,205848
2019-09-30,48.580002,51.450001,48.52,51,51,431440
2019-10-01,50.849998,51.900002,49.759998,50,50,393453
2019-10-02,50,50.599998,48.98,49.099998,49.099998,266748
2019-10-03,48.5,50.049999,48,48.16,48.16,429873
2019-10-04,48.259998,49.759998,48.259998,49.02,49.02,558493
2019-10-07,48.880001,50.450001,48.459999,49.939999,49.939999,371468
2019-10-08,49.68,50.099998,48.880001,49.139999,49.139999,175204
2019-10-09,49.299999,50,49.080002,49.459999,49.459999,343504
2019-10-10,49.459999,51,49.259998,50.200001,50.200001,370698
2019-10-11,50.799999,51,50.099998,50.200001,50.200001,438718
2019-10-14,50.5,50.700001,49.119999,49.82,49.82,265264
2019-10-15,50,52.349998,50,50.650002,50.650002,519354
2019-10-16,51.450001,51.450001,49.799999,49.799999,49.799999,370830
2019-10-17,49.799999,50.799999,49.240002,50.25,50.25,263977
2019-10-18,49.799999,50.549999,49.599998,49.599998,49.599998,271304
2019-10-21,49,51.400002,49,50.599998,50.599998,538906
2019-10-22,50.650002,54.799999,50.650002,54.450001,54.450001,1968053
2019-10-23,54,55.900002,50.799999,52.599998,52.599998,1704673
2019-10-24,53.099998,53.900002,52.700001,53.5,53.5,830010
2019-10-25,54.549999,55,53.950001,54.700001,54.700001,509980
2019-10-28,55,55.400002,54.400002,55.150002,55.150002,420287
2019-10-29,55.799999,55.799999,54.299999,54.450001,54.450001,384606
2019-10-30,54.549999,54.700001,53.400002,53.650002,53.650002,389627
2019-10-31,53.900002,53.950001,52.200001,52.349998,52.349998,416134
2019-11-01,52.25,54,51.799999,53.599998,53.599998,366255
2019-11-04,54,54.5,53.150002,54,54,270790
2019-11-05,54.150002,54.650002,53.450001,54.549999,54.549999,337960
2019-11-06,54.549999,54.799999,53.549999,54.150002,54.150002,196851
2019-11-07,54,54.900002,53.450001,54.200001,54.200001,359202
2019-11-08,54.200001,54.25,52.549999,53.5,53.5,311358
2019-11-11,53,53.849998,52.900002,53.5,53.5,226085
2019-11-12,53.299999,53.950001,53.049999,53.5,53.5,243979
2019-11-13,53.5,53.549999,52.75,53.400002,53.400002,311838
2019-11-14,53.650002,54.700001,53.5,54.5,54.5,368085
2019-11-15,54.700001,55.25,54.299999,55,55,421595
2019-11-18,55.200001,56.099998,55,55.700001,55.700001,554145
2019-11-19,55.700001,56.099998,54.599998,54.849998,54.849998,314242
2019-11-20,54.849998,54.849998,54,54.299999,54.299999,211337
2019-11-21,53.75,54.950001,53.700001,54.099998,54.099998,245128
2019-11-22,54.099998,55.450001,53.900002,54.950001,54.950001,329475
2019-11-25,54.599998,55.549999,54.549999,54.900002,54.900002,395624
2019-11-26,54.900002,55.599998,54.799999,55.049999,55.049999,313815
2019-11-27,55,55,53.950001,54.049999,54.049999,246475
2019-11-28,54.049999,54.049999,52.849998,53.25,53.25,168633
2019-11-29,53.25,53.299999,52.299999,53.299999,53.299999,175660
2019-12-02,53.150002,53.849998,52.549999,52.650002,52.650002,195310
2019-12-03,52.5,53.5,51.900002,52.700001,52.700001,333278
2019-12-04,52.700001,53.5,52.650002,53.349998,53.349998,400591
2019-12-05,52.900002,54.599998,52.900002,54.150002,54.150002,245273
2019-12-06,54,55.349998,54,55.049999,55.049999,282988
2019-12-09,55.049999,55.299999,54.200001,54.400002,54.400002,156982
2019-12-10,54.400002,54.400002,53.349998,54,54,300489
2019-12-11,54,55.200001,53.549999,53.849998,53.849998,366669
2019-12-12,53.099998,54.700001,53.099998,54.25,54.25,223662
2019-12-13,54.599998,55,53.799999,54.400002,54.400002,251407
2019-12-16,54.400002,54.799999,53.549999,54.25,54.25,253213
2019-12-17,54.099998,58,53.900002,57.299999,57.299999,937913
2019-12-18,57.099998,57.25,55.75,56,56,335078
2019-12-19,56,56,54.599998,55.200001,55.200001,369807
2019-12-20,55.200001,56.049999,54.799999,55,55,395685
2019-12-23,55,55.450001,54.650002,55.200001,55.200001,164215
2019-12-27,55.700001,56.950001,55.349998,55.349998,55.349998,196930
2019-12-30,55.75,56.450001,55.099998,55.700001,55.700001,210102
2020-01-02,56.099998,57.049999,56.099998,56.5,56.5,185068
2020-01-03,56.599998,56.799999,55.950001,56.25,56.25,160612
2020-01-06,55.5,55.5,54.049999,55,55,241371
2020-01-07,55.099998,56.599998,54.900002,56.400002,56.400002,411440
2020-01-08,56.549999,56.799999,55.900002,56.049999,56.049999,188776
2020-01-09,56.400002,56.799999,56,56.400002,56.400002,111435
2020-01-10,56.700001,56.799999,55.400002,55.700001,55.700001,215952
2020-01-13,56.5,57.049999,56.099998,56.599998,56.599998,263242
2020-01-14,56.799999,57.049999,55.75,55.849998,55.849998,280480
2020-01-15,55.950001,56.150002,55.5,55.700001,55.700001,167573
2020-01-16,56,56.450001,55.5,55.900002,55.900002,193681
2020-01-17,56,56.200001,55.150002,55.349998,55.349998,285635
2020-01-20,55.599998,57.099998,55.599998,55.950001,55.950001,234125
2020-01-21,55.950001,56.299999,54.75,56.150002,56.150002,255150
2020-01-22,56.5,59,55.650002,58.799999,58.799999,656293
2020-01-23,58.700001,60.299999,58.549999,58.75,58.75,474976
2020-01-24,59.349998,61.25,59.25,61,61,472865
2020-01-27,60.5,60.5,57.849998,58.400002,58.400002,313737
2020-01-28,58,58.849998,56.599998,58.75,58.75,303034
2020-01-29,58.900002,59.25,58.200001,58.549999,58.549999,234738
2020-01-30,58.549999,58.75,57.099998,58.099998,58.099998,239167
2020-01-31,58.200001,59.700001,58.200001,58.700001,58.700001,268366
2020-02-03,58.75,58.75,56.349998,56.900002,56.900002,443442
2020-02-04,57,59.75,57,58.349998,58.349998,347548
2020-02-05,58.25,59.25,57.849998,58.549999,58.549999,492553
2020-02-06,59.799999,60,58.299999,58.549999,58.549999,450688
2020-02-07,61.5,66.25,60.900002,66.25,66.25,2213699
2020-02-10,66.5,66.900002,62.599998,63,63,960003
2020-02-11,64,66.050003,63.200001,65.5,65.5,696074
2020-02-12,65.550003,66,64.25,64.599998,64.599998,342504
2020-02-13,64.099998,64.599998,63.150002,63.849998,63.849998,269643
2020-02-14,64.300003,65.650002,64.25,64.400002,64.400002,367534
2020-02-17,65.400002,65.400002,63.299999,63.299999,63.299999,243373
2020-02-18,62.75,63.5,61.900002,63.299999,63.299999,267609
2020-02-19,63.299999,63.900002,61.400002,62.400002,62.400002,223421
2020-02-20,63.75,64.699997,63.25,64.5,64.5,355332
2020-02-21,64.349998,64.349998,61.349998,61.5,61.5,320208
2020-02-24,60.200001,60.349998,56.549999,56.849998,56.849998,629229
2020-02-25,56.799999,57.650002,54.599998,55.25,55.25,559576
2020-02-26,54.650002,55.5,52.700001,55.049999,55.049999,596828
2020-02-27,53.549999,53.75,50.049999,50.900002,50.900002,631023
2020-02-28,49.900002,49.900002,46,49.34,49.34,1280942
2020-03-02,50.299999,51.849998,47.48,48.259998,48.259998,961832
2020-03-03,51.099998,51.450001,49.279999,49.720001,49.720001,623362
2020-03-04,49.560001,50.599998,47.220001,48.98,48.98,764267
2020-03-05,50.450001,50.450001,46.84,47.060001,47.060001,570950
2020-03-06,45,46.040001,44.380001,45.5,45.5,877212
2020-03-09,41.139999,43.540001,39.279999,42.5,42.5,1230134
2020-03-10,43.5,45.040001,42.439999,42.439999,42.439999,708975
2020-03-11,42,43.380001,41.18,41.52,41.52,565414
2020-03-12,39.68,39.68,36.560001,38.360001,38.360001,1151937
2020-03-13,38.400002,40.080002,36.82,38.18,38.18,945333
2020-03-16,34.880001,35.639999,31.540001,34.66,34.66,1463226
2020-03-17,35,35.720001,32.66,32.700001,32.700001,1065112
2020-03-18,32.5,33.439999,31.48,32.98,32.98,1172410
2020-03-19,33.16,35.360001,32.98,34,34,1686090
2020-03-20,36.799999,37.02,33.799999,36.16,36.16,1459512
2020-03-23,35.860001,35.860001,34,34.599998,34.599998,1087739
2020-03-24,37.5,38.48,36.119999,38.48,38.48,1289451
2020-03-25,40.799999,41.599998,38.02,39.040001,39.040001,983509
2020-03-26,39,40.299999,37.619999,40.139999,40.139999,1166878
2020-03-27,41,41.18,39.799999,40.5,40.5,719816
2020-03-30,40,40.5,38.48,40,40,816990
2020-03-31,40.200001,46.360001,40.200001,46.18,46.18,1238218
2020-04-01,45.599998,45.700001,44.080002,45,45,681967
2020-04-02,45.5,46.98,44.740002,45.400002,45.400002,700324
2020-04-03,45.459999,46.700001,44.880001,45.900002,45.900002,645020
2020-04-06,46.200001,48.040001,46.060001,46.380001,46.380001,547912
2020-04-07,47.5,50.400002,47.5,48.380001,48.380001,779261
2020-04-08,49,49.459999,46.98,48.560001,48.560001,279869
2020-04-14,49.060001,53.400002,49.060001,53,53,838739
2020-04-15,52.900002,52.900002,49.779999,50.950001,50.950001,444352
2020-04-16,51.25,51.900002,49,50,50,307791
2020-04-17,51.049999,53.799999,51.049999,52.900002,52.900002,664548
2020-04-20,54.599998,54.599998,50.700001,52.549999,52.549999,380425
2020-04-21,55.200001,56.650002,52.299999,52.400002,52.400002,1043193
2020-04-22,53.5,58,52.700001,57.5,57.5,1333248
2020-04-23,59,60.799999,58.549999,60.200001,60.200001,1002391
2020-04-24,60.049999,61,59.150002,59.599998,59.599998,607968
2020-04-27,60.299999,61.450001,58.299999,58.299999,58.299999,383341
2020-04-28,58.349998,60.549999,58.349998,58.599998,58.599998,366263
2020-04-29,60,61.650002,58.75,60.950001,60.950001,535622
2020-04-30,61,61.950001,60,60.400002,60.400002,491995
2020-05-04,59,59.650002,57.349998,59,59,493490
2020-05-05,60,60.650002,58.599998,59.5,59.5,385543
2020-05-06,59.200001,60.900002,58.849998,60.049999,60.049999,375630
2020-05-07,61,62.299999,60.650002,61.200001,61.200001,335148
2020-05-08,61.5,64.349998,61.5,63.799999,63.799999,506539
2020-05-11,64,65.300003,62.75,63,63,490126
2020-05-12,64,64.349998,62.400002,63.200001,63.200001,373266
2020-05-13,62.950001,62.950001,60,61.849998,61.849998,294499
2020-05-14,61.5,62.150002,60,60.25,60.25,345813
2020-05-15,61,62.25,60.700001,62,62,337729
2020-05-18,63,63,59.700001,61.049999,61.049999,861896
2020-05-19,62.049999,64.849998,61.400002,64.099998,64.099998,454951
2020-05-20,64.650002,65.5,63.450001,65,65,300950
2020-05-22,63.799999,65.449997,62.200001,64.849998,64.849998,403568
