OSEBX,Siste,HÃ¸y,Lav,Offisielt omsatt (NOK)
22.05.20,776.65,789.32,770.74,"5,200,005,818.00"
20.05.20,789.33,789.34,775.05,"5,531,081,569.00"
19.05.20,780.37,784.56,771.01,"5,885,278,274.00"
18.05.20,771.58,771.58,753.59,"4,950,121,802.00"
15.05.20,753.61,755.32,737.43,"5,009,664,451.00"
14.05.20,737.25,757.69,736.34,"5,028,595,858.00"
13.05.20,758.14,770.15,754.80,"5,283,040,793.00"
12.05.20,770.02,773.34,761.37,"4,775,590,992.00"
11.05.20,764.08,777.01,761.34,"4,423,653,934.00"
08.05.20,769.62,769.62,756.60,"4,324,391,093.00"
07.05.20,756.59,757.04,746.35,"4,694,843,991.00"
06.05.20,747.58,758.10,747.46,"4,788,718,376.00"
05.05.20,757.81,763.02,751.27,"5,314,337,798.00"
04.05.20,751.27,775.05,750.07,"6,024,932,766.00"
30.04.20,775.11,780.16,765.46,"7,098,272,095.00"
29.04.20,772.15,773.58,757.57,"6,455,106,266.00"
28.04.20,757.53,760.12,742.20,"5,801,737,184.00"
27.04.20,743.42,746.60,738.16,"4,092,217,748.00"
24.04.20,738.13,750.17,735.66,"4,708,062,704.00"
23.04.20,750.14,750.14,736.12,"5,288,394,448.00"
22.04.20,738.12,740.32,716.04,"5,462,246,361.00"
21.04.20,726.70,740.89,721.29,"5,585,718,196.00"
20.04.20,740.90,751.68,729.01,"4,963,366,941.00"
17.04.20,748.45,749.19,727.73,"6,475,404,898.00"
16.04.20,727.68,743.08,726.94,"5,661,564,871.00"
15.04.20,737.47,755.55,733.86,"5,804,447,826.00"
14.04.20,755.40,755.40,734.38,"7,349,956,461.00"
08.04.20,734.38,744.35,729.73,"3,443,984,134.00"
07.04.20,744.39,750.15,730.78,"6,314,900,927.00"
06.04.20,728.51,728.72,710.97,"5,724,144,744.00"
03.04.20,712.21,718.33,705.31,"6,493,421,201.00"
02.04.20,713.01,731.89,705.05,"7,631,805,596.00"
01.04.20,719.58,719.58,688.17,"6,624,989,659.00"
31.03.20,707.13,709.02,687.11,"8,791,872,005.00"
30.03.20,686.93,686.93,647.62,"5,970,964,364.00"
27.03.20,666.86,692.04,662.26,"5,775,716,658.00"
26.03.20,692.04,692.04,665.90,"5,996,941,789.00"
25.03.20,682.47,692.76,659.19,"7,644,410,144.00"
24.03.20,671.59,672.48,637.94,"6,493,436,252.00"
23.03.20,635.93,667.52,635.93,"7,075,915,328.00"
20.03.20,668.77,704.07,662.39,"9,783,669,284.00"
19.03.20,667.32,667.33,637.73,"9,010,344,917.00"
18.03.20,637.75,645.08,624.39,"8,070,859,847.00"
17.03.20,645.07,662.93,630.63,"8,579,876,885.00"
16.03.20,639.05,675.05,605.28,"9,836,839,751.00"
13.03.20,675.08,698.39,650.71,"10,022,614,050.00"
12.03.20,650.60,711.09,640.59,"9,270,710,652.00"
11.03.20,713.12,750.01,713.12,"7,999,833,611.00"
10.03.20,739.68,770.81,736.09,"9,671,570,092.00"
09.03.20,736.08,801.26,701.48,"11,365,050,542.00"
06.03.20,801.34,838.43,801.34,"7,260,639,890.00"
05.03.20,838.47,866.28,835.17,"5,732,378,905.00"
04.03.20,858.59,868.37,849.91,"6,247,525,580.00"
03.03.20,859.17,867.90,833.92,"7,241,918,414.00"
02.03.20,833.83,861.13,825.54,"7,509,114,170.00"
28.02.20,830.26,844.62,814.75,"10,456,587,358.00"
27.02.20,843.19,886.45,843.19,"7,163,282,922.00"
26.02.20,886.48,894.94,863.75,"7,397,177,656.00"
25.02.20,894.98,909.54,888.99,"6,428,970,877.00"
24.02.20,898.40,936.45,896.15,"6,686,154,752.00"
21.02.20,936.70,942.89,932.48,"4,830,076,578.00"
20.02.20,942.89,943.50,934.92,"5,357,239,314.00"
19.02.20,934.93,934.94,926.46,"4,140,447,148.00"
18.02.20,926.68,927.98,921.04,"3,731,018,056.00"
17.02.20,927.98,933.93,925.84,"3,274,684,785.00"
14.02.20,929.24,931.98,926.03,"3,889,819,595.00"
13.02.20,926.25,930.76,917.97,"5,012,009,871.00"
12.02.20,930.77,933.44,923.98,"5,458,856,923.00"
11.02.20,925.66,925.94,913.10,"5,062,259,650.00"
10.02.20,912.25,922.87,908.06,"4,937,699,212.00"
07.02.20,920.82,938.45,919.28,"6,251,621,125.00"
06.02.20,936.26,943.47,930.72,"5,740,929,325.00"
05.02.20,930.92,931.73,915.75,"4,539,772,485.00"
04.02.20,917.33,923.08,914.00,"4,283,287,075.00"
03.02.20,913.99,916.21,907.70,"3,925,910,055.00"
31.01.20,913.81,924.35,913.64,"4,962,907,928.00"
30.01.20,915.87,925.31,914.30,"4,059,991,333.00"
29.01.20,925.32,932.13,923.35,"3,990,567,510.00"
28.01.20,925.70,925.70,914.33,"3,808,602,955.00"
27.01.20,921.31,939.95,915.93,"4,790,077,877.00"
24.01.20,939.99,942.27,930.33,"3,582,539,548.00"
23.01.20,930.29,943.96,927.11,"4,229,936,903.00"
22.01.20,943.90,948.07,941.52,"4,482,964,848.00"
21.01.20,941.68,946.22,936.02,"3,065,195,496.00"
20.01.20,946.21,949.01,943.58,"2,810,789,467.00"
17.01.20,946.63,947.88,936.60,"3,651,395,806.00"
16.01.20,936.59,938.84,933.03,"4,438,407,901.00"
15.01.20,937.01,941.20,935.96,"3,906,895,393.00"
14.01.20,938.61,946.19,937.52,"3,601,183,344.00"
13.01.20,940.63,944.18,938.17,"3,334,350,395.00"
10.01.20,939.38,941.58,935.85,"3,185,406,897.00"
09.01.20,938.29,941.25,935.32,"3,822,198,355.00"
08.01.20,938.49,939.95,935.42,"3,756,579,768.00"
07.01.20,937.40,946.64,937.01,"3,643,957,390.00"
06.01.20,940.06,945.30,934.56,"3,921,073,373.00"
03.01.20,942.68,944.56,937.75,"3,574,987,988.00"
02.01.20,941.27,943.98,931.31,"3,406,824,119.00"
30.12.19,931.45,935.62,931.39,"2,542,575,706.00"
27.12.19,933.89,940.64,932.16,"2,539,704,875.00"
23.12.19,935.20,935.20,928.25,"2,532,839,055.00"
20.12.19,928.21,930.03,922.57,"5,266,967,085.00"
19.12.19,922.56,922.56,914.66,"4,271,070,830.00"
18.12.19,916.51,916.82,910.44,"3,950,508,207.00"
17.12.19,914.03,917.51,913.62,"4,061,831,618.00"
16.12.19,916.15,916.78,911.36,"3,535,823,117.00"
13.12.19,911.39,913.67,905.20,"4,164,043,807.00"
12.12.19,905.15,907.12,899.73,"3,703,317,357.00"
11.12.19,900.22,904.22,897.77,"3,515,695,752.00"
10.12.19,904.12,907.96,899.16,"3,555,902,979.00"
09.12.19,908.00,908.47,901.56,"3,128,328,822.00"
06.12.19,906.47,906.76,896.78,"3,532,108,782.00"
05.12.19,897.65,901.96,896.88,"3,770,598,631.00"
04.12.19,898.64,898.64,884.11,"4,091,972,091.00"
03.12.19,884.21,894.38,882.47,"4,734,125,245.00"
02.12.19,890.81,906.01,890.79,"4,509,118,810.00"
29.11.19,902.45,908.35,900.60,"4,958,866,434.00"
28.11.19,908.36,912.26,908.11,"2,294,731,330.00"
27.11.19,912.28,913.13,908.70,"3,350,617,471.00"
26.11.19,910.97,916.31,909.78,"6,773,147,147.00"
25.11.19,914.52,915.56,909.78,"2,985,583,387.00"
22.11.19,909.80,909.93,900.14,"3,484,646,441.00"
21.11.19,900.08,900.85,895.86,"3,484,427,840.00"
20.11.19,900.83,903.50,893.63,"3,977,081,631.00"
19.11.19,903.49,907.55,901.93,"3,887,248,760.00"
18.11.19,902.64,907.97,899.51,"3,667,786,174.00"
15.11.19,903.58,908.49,898.85,"5,179,348,127.00"
14.11.19,907.82,911.78,906.79,"3,882,938,977.00"
13.11.19,909.03,915.86,904.90,"3,770,067,670.00"
12.11.19,915.50,920.05,912.52,"3,142,129,436.00"
11.11.19,917.82,917.82,910.59,"3,111,604,627.00"
08.11.19,916.02,918.41,912.45,"3,672,832,754.00"
07.11.19,918.13,918.13,908.36,"4,220,328,842.00"
06.11.19,910.41,910.41,904.56,"4,287,397,970.00"
05.11.19,908.30,911.25,906.19,"4,270,006,564.00"
04.11.19,908.11,909.11,902.86,"3,650,963,319.00"
01.11.19,903.64,904.47,896.70,"3,047,982,958.00"
31.10.19,898.05,906.87,896.54,"4,894,408,289.00"
30.10.19,906.50,912.85,905.11,"3,995,887,088.00"
29.10.19,907.67,911.55,901.69,"3,970,946,015.00"
28.10.19,911.43,912.84,902.49,"3,590,400,196.00"
25.10.19,902.56,907.19,899.05,"3,850,921,914.00"
24.10.19,906.56,907.49,891.67,"5,231,568,041.00"
23.10.19,891.89,901.28,888.28,"4,991,953,769.00"
22.10.19,898.91,901.39,896.19,"3,698,241,647.00"
21.10.19,899.45,901.06,892.56,"3,910,967,030.00"
18.10.19,893.12,896.32,890.84,"4,676,901,353.00"
17.10.19,893.65,896.22,882.09,"4,179,471,585.00"
16.10.19,887.31,888.13,875.18,"3,932,729,897.00"
15.10.19,880.25,882.02,874.89,"3,457,909,149.00"
14.10.19,874.99,886.01,873.33,"2,990,085,761.00"
11.10.19,886.03,887.99,878.75,"3,654,178,071.00"
10.10.19,878.73,879.08,868.11,"3,661,473,259.00"
09.10.19,871.51,875.16,867.70,"3,897,541,717.00"
08.10.19,872.78,886.43,870.85,"3,129,256,521.00"
07.10.19,883.85,883.85,869.21,"3,565,987,303.00"
04.10.19,869.10,869.62,856.08,"3,466,880,971.00"
03.10.19,856.05,867.68,854.72,"3,506,043,720.00"
02.10.19,867.66,886.93,867.02,"3,769,281,523.00"
01.10.19,886.97,891.46,885.54,"3,128,339,864.00"
30.09.19,886.60,888.56,881.57,"3,262,531,570.00"
27.09.19,884.26,888.43,880.70,"3,195,061,234.00"
26.09.19,880.70,887.71,879.23,"3,173,843,554.00"
25.09.19,880.16,890.85,876.86,"3,509,753,272.00"
24.09.19,890.84,900.05,889.65,"3,591,229,632.00"
23.09.19,897.85,905.25,895.31,"3,330,110,817.00"
20.09.19,904.91,904.99,898.77,"5,433,837,904.00"
19.09.19,898.51,901.63,895.40,"3,718,608,372.00"
18.09.19,899.49,899.49,887.58,"4,736,927,582.00"
17.09.19,890.41,901.29,888.28,"5,324,284,634.00"
16.09.19,899.55,900.18,888.29,"5,472,177,757.00"
13.09.19,888.32,888.44,882.62,"3,722,411,484.00"
12.09.19,882.63,885.67,874.62,"4,001,220,339.00"
11.09.19,884.85,884.86,871.76,"4,648,459,490.00"
10.09.19,871.71,871.71,865.28,"4,166,985,194.00"
09.09.19,867.46,873.45,866.49,"3,262,099,405.00"
06.09.19,868.21,876.56,865.52,"4,184,580,664.00"
05.09.19,876.31,877.85,858.71,"5,118,658,930.00"
04.09.19,858.51,861.23,850.59,"2,870,051,408.00"
03.09.19,850.61,860.21,850.17,"2,898,324,239.00"
02.09.19,859.24,862.87,859.05,"2,365,469,845.00"
30.08.19,861.29,862.55,852.62,"3,581,048,371.00"
29.08.19,852.65,853.72,840.11,"3,173,433,246.00"
28.08.19,840.08,844.47,837.53,"3,089,133,156.00"
27.08.19,841.18,841.19,833.10,"3,552,535,016.00"
26.08.19,833.73,840.31,829.13,"2,471,979,764.00"
23.08.19,840.32,850.13,832.86,"3,392,371,166.00"
22.08.19,845.04,847.50,839.98,"3,379,232,502.00"
21.08.19,844.63,847.76,835.39,"3,758,191,464.00"
20.08.19,839.74,845.86,837.74,"3,011,260,917.00"
19.08.19,840.76,840.76,827.08,"3,506,897,797.00"
16.08.19,827.08,827.08,817.94,"3,724,401,880.00"
15.08.19,817.93,827.31,806.24,"4,342,558,502.00"
14.08.19,822.67,843.32,820.77,"4,181,199,664.00"
13.08.19,842.78,843.11,829.63,"3,709,281,072.00"
12.08.19,834.98,843.09,833.82,"2,312,860,299.00"
09.08.19,837.82,846.80,837.63,"2,571,185,281.00"
08.08.19,842.64,843.69,830.36,"2,890,697,480.00"
07.08.19,830.34,842.47,827.08,"3,257,644,914.00"
06.08.19,837.49,842.70,832.12,"3,011,125,927.00"
05.08.19,834.21,853.56,832.40,"3,851,352,825.00"
02.08.19,853.58,863.25,848.54,"3,566,277,172.00"
01.08.19,863.26,864.95,854.82,"2,945,631,600.00"
31.07.19,859.14,860.89,852.40,"3,588,531,327.00"
30.07.19,852.40,865.68,851.98,"2,924,037,697.00"
29.07.19,865.08,869.26,864.23,"2,517,140,311.00"
26.07.19,867.40,870.45,862.14,"2,779,540,360.00"
25.07.19,863.80,876.24,862.09,"3,407,700,929.00"
24.07.19,871.88,877.28,869.57,"3,093,273,749.00"
23.07.19,874.74,875.32,865.00,"3,330,184,545.00"
22.07.19,865.27,867.82,863.12,"2,847,009,668.00"
19.07.19,863.22,863.65,859.34,"3,012,174,099.00"
18.07.19,861.89,867.84,859.59,"3,401,052,516.00"
17.07.19,867.84,874.34,867.26,"3,228,699,741.00"
16.07.19,874.11,880.69,871.38,"4,154,179,256.00"
15.07.19,880.50,884.89,877.55,"2,991,523,983.00"
12.07.19,881.77,885.64,878.78,"3,373,843,945.00"
11.07.19,883.50,885.31,879.43,"3,624,869,701.00"
10.07.19,883.08,884.81,881.36,"3,421,642,849.00"
09.07.19,883.18,890.55,881.35,"3,735,369,911.00"
08.07.19,891.17,892.97,885.70,"3,259,845,276.00"
05.07.19,885.70,889.76,883.99,"3,151,441,078.00"
04.07.19,888.56,889.10,879.99,"3,225,338,271.00"
03.07.19,879.99,880.04,872.87,"3,532,158,422.00"
02.07.19,877.45,880.28,875.16,"4,031,447,183.00"
01.07.19,878.93,879.57,864.58,"3,890,926,575.00"
28.06.19,864.63,866.69,862.96,"4,097,141,387.00"
27.06.19,864.20,866.57,860.69,"2,969,363,351.00"
26.06.19,860.73,866.68,860.65,"3,487,742,379.00"
25.06.19,861.59,869.54,861.01,"3,459,168,911.00"
24.06.19,869.52,879.21,868.99,"3,464,036,618.00"
21.06.19,871.75,875.68,869.32,"6,685,473,153.00"
20.06.19,870.51,873.48,865.58,"4,201,942,723.00"
19.06.19,865.52,869.70,862.23,"4,819,956,941.00"
18.06.19,866.63,868.05,854.54,"4,269,460,425.00"
17.06.19,856.46,863.24,856.25,"3,239,410,805.00"
14.06.19,861.17,863.02,853.91,"3,793,010,870.00"
13.06.19,859.19,861.59,854.98,"4,690,886,132.00"
12.06.19,859.85,874.80,858.84,"4,050,327,254.00"
11.06.19,874.89,876.30,867.83,"5,012,419,622.00"
07.06.19,868.84,870.61,862.28,"3,876,659,508.00"
06.06.19,862.28,867.98,860.23,"3,789,661,358.00"
05.06.19,861.09,865.96,859.15,"4,407,532,384.00"
04.06.19,859.75,863.15,855.01,"4,778,235,067.00"
03.06.19,863.15,863.15,842.59,"4,197,877,954.00"
31.05.19,852.09,853.00,838.44,"5,762,389,857.00"
29.05.19,853.12,872.86,850.52,"4,689,206,951.00"
28.05.19,872.86,880.27,868.23,"8,651,751,886.00"
27.05.19,876.47,878.78,872.26,"2,653,434,194.00"
24.05.19,875.95,877.70,869.11,"4,080,074,558.00"
23.05.19,869.11,888.77,869.09,"4,835,769,334.00"
22.05.19,888.74,890.52,885.15,"3,742,703,543.00"
21.05.19,889.76,891.35,885.09,"3,810,845,075.00"
20.05.19,885.09,891.52,879.27,"4,805,811,929.00"
16.05.19,882.49,882.49,866.57,"5,749,306,902.00"
15.05.19,866.55,869.33,859.48,"3,949,349,901.00"
14.05.19,864.40,864.74,857.73,"4,071,733,253.00"
13.05.19,861.00,873.39,860.19,"3,906,476,893.00"
10.05.19,870.98,871.66,859.18,"3,989,517,161.00"
09.05.19,859.15,871.78,859.09,"4,258,366,238.00"
08.05.19,871.79,876.17,867.25,"4,517,276,157.00"
07.05.19,870.21,880.56,866.67,"4,248,752,984.00"
06.05.19,873.51,880.76,866.45,"3,262,753,227.00"
03.05.19,880.77,885.00,873.28,"3,921,021,388.00"
02.05.19,876.46,880.85,872.60,"4,333,365,713.00"
30.04.19,880.91,883.84,879.35,"4,575,484,059.00"
29.04.19,883.84,886.54,881.23,"3,167,844,082.00"
26.04.19,883.52,887.41,881.54,"4,467,401,685.00"
25.04.19,885.65,892.94,885.43,"3,828,858,653.00"
24.04.19,892.30,895.75,891.99,"4,015,884,975.00"
23.04.19,894.29,897.00,890.14,"4,695,203,539.00"
17.04.19,890.35,892.64,884.24,"3,684,686,619.00"
16.04.19,889.19,894.09,887.63,"3,322,394,479.00"
15.04.19,890.03,890.07,885.29,"3,101,377,730.00"
12.04.19,885.29,889.89,881.96,"3,978,310,657.00"
11.04.19,884.13,888.17,883.19,"3,493,876,247.00"
10.04.19,884.94,887.22,880.73,"4,394,683,131.00"
09.04.19,881.30,890.29,879.62,"3,969,952,210.00"
08.04.19,890.24,890.25,883.14,"3,826,769,755.00"
05.04.19,884.79,885.77,879.23,"3,208,795,058.00"
04.04.19,879.86,885.19,878.13,"2,997,144,996.00"
03.04.19,884.91,884.91,878.80,"3,896,474,315.00"
02.04.19,879.14,879.78,873.13,"3,814,357,867.00"
01.04.19,873.06,873.45,863.12,"3,503,941,444.00"
29.03.19,863.11,873.03,863.11,"4,492,224,082.00"
28.03.19,866.93,872.61,866.17,"3,305,528,770.00"
27.03.19,867.21,872.41,863.47,"3,433,326,673.00"
26.03.19,867.77,871.27,865.04,"3,195,526,194.00"
25.03.19,865.40,873.76,864.03,"3,208,973,678.00"
22.03.19,873.83,889.65,873.78,"3,712,552,789.00"
21.03.19,888.69,889.15,883.47,"3,345,018,814.00"
20.03.19,886.34,889.89,884.19,"3,299,243,293.00"
19.03.19,890.03,893.65,885.67,"3,593,913,637.00"
18.03.19,885.68,885.73,879.48,"3,367,450,673.00"
15.03.19,880.40,882.28,877.62,"6,611,310,640.00"
14.03.19,881.60,884.19,874.02,"3,769,341,869.00"
13.03.19,874.00,874.03,864.68,"3,766,053,500.00"
12.03.19,866.50,868.56,863.87,"3,402,397,122.00"
11.03.19,863.84,867.92,859.23,"3,007,249,113.00"
08.03.19,863.70,866.67,860.07,"3,257,466,239.00"
07.03.19,867.83,875.21,866.76,"3,425,328,172.00"
06.03.19,873.79,875.60,870.01,"3,206,281,745.00"
05.03.19,870.60,872.66,867.53,"3,414,031,856.00"
04.03.19,869.97,872.08,865.46,"3,925,826,784.00"
01.03.19,866.56,870.93,865.36,"3,382,392,706.00"
28.02.19,865.28,871.25,865.16,"4,603,345,108.00"
27.02.19,870.71,876.15,870.67,"3,079,953,198.00"
26.02.19,874.43,876.47,868.59,"3,354,226,789.00"
25.02.19,875.01,881.29,872.01,"3,591,195,861.00"
22.02.19,872.00,875.42,866.48,"3,331,446,220.00"
21.02.19,867.44,871.43,862.29,"3,835,465,873.00"
20.02.19,862.38,864.67,858.24,"3,606,427,458.00"
19.02.19,864.73,867.57,862.46,"3,356,580,023.00"
18.02.19,866.25,870.13,862.48,"3,086,135,319.00"
15.02.19,865.50,866.21,852.00,"3,919,476,210.00"
14.02.19,852.67,863.25,850.54,"3,947,003,089.00"
13.02.19,859.13,859.13,847.08,"4,020,694,465.00"
12.02.19,847.53,847.86,836.53,"3,894,076,756.00"
11.02.19,836.27,841.70,831.19,"3,088,558,617.00"
08.02.19,831.17,847.10,831.17,"3,849,717,625.00"
07.02.19,846.87,851.27,844.02,"4,525,273,861.00"
06.02.19,849.13,853.61,846.31,"3,709,962,017.00"
05.02.19,853.64,853.65,839.00,"4,309,124,999.00"
04.02.19,839.02,845.07,837.32,"3,402,808,757.00"
01.02.19,837.32,838.24,834.56,"2,907,419,083.00"
31.01.19,835.31,846.09,834.49,"4,710,034,887.00"
30.01.19,834.73,838.18,831.06,"3,649,607,707.00"
29.01.19,834.86,835.16,826.33,"3,643,256,784.00"
28.01.19,828.11,837.34,826.26,"3,318,189,542.00"
25.01.19,836.96,845.66,835.64,"3,374,881,985.00"
24.01.19,839.36,843.32,834.17,"3,854,395,950.00"
23.01.19,842.52,847.09,841.91,"3,212,351,094.00"
22.01.19,846.94,854.99,846.56,"3,231,085,945.00"
21.01.19,854.98,855.79,851.76,"2,459,430,095.00"
18.01.19,853.84,853.94,838.53,"4,252,663,135.00"
17.01.19,839.58,841.37,836.68,"3,315,064,220.00"
16.01.19,840.21,844.71,836.06,"4,072,409,042.00"
15.01.19,838.51,845.96,834.25,"3,464,706,974.00"
14.01.19,836.72,841.40,831.54,"3,522,841,391.00"
11.01.19,841.40,848.85,839.77,"3,898,595,737.00"
10.01.19,841.66,845.68,834.21,"4,070,112,851.00"
09.01.19,844.58,845.66,836.47,"4,235,464,711.00"
08.01.19,836.40,838.41,828.17,"4,047,460,356.00"
07.01.19,829.93,840.28,827.28,"4,105,801,746.00"
04.01.19,829.67,829.67,809.84,"4,829,802,028.00"
03.01.19,808.68,815.19,799.43,"3,978,351,400.00"
02.01.19,803.42,803.90,786.54,"3,173,412,684.00"
28.12.18,799.46,803.66,783.67,"3,212,399,284.00"
27.12.18,783.61,810.37,783.58,"3,340,009,358.00"
21.12.18,803.96,804.64,793.75,"5,904,369,796.00"
20.12.18,804.24,823.98,801.46,"4,430,752,469.00"
19.12.18,824.99,825.39,809.45,"4,439,276,334.00"
18.12.18,816.65,820.01,803.00,"4,731,105,874.00"
17.12.18,819.83,833.18,819.83,"3,487,453,716.00"
14.12.18,830.76,838.23,828.65,"3,526,953,098.00"
13.12.18,838.67,844.62,832.87,"3,559,456,641.00"
12.12.18,844.60,845.17,834.85,"3,507,932,070.00"
11.12.18,834.81,837.73,822.48,"3,844,092,731.00"
10.12.18,823.61,844.12,821.73,"3,821,564,659.00"
07.12.18,844.15,848.79,825.91,"4,151,546,147.00"
06.12.18,825.96,857.94,825.96,"5,180,568,220.00"
05.12.18,858.14,869.98,855.41,"3,091,359,680.00"
04.12.18,870.00,876.93,868.84,"3,647,743,749.00"
03.12.18,874.42,881.32,861.44,"4,350,460,650.00"
30.11.18,860.98,863.77,855.37,"7,072,715,887.00"
29.11.18,861.78,863.82,851.59,"3,898,468,490.00"
28.11.18,854.46,860.91,850.06,"3,799,302,823.00"
27.11.18,856.77,859.69,849.44,"3,776,238,064.00"
26.11.18,852.84,853.21,837.14,"3,527,855,062.00"
23.11.18,837.14,849.03,832.87,"3,625,699,008.00"
22.11.18,849.04,856.65,848.62,"3,106,668,376.00"
21.11.18,854.87,855.15,841.23,"4,218,446,982.00"
20.11.18,841.26,865.98,838.79,"5,456,726,805.00"
19.11.18,865.36,877.65,865.30,"4,483,264,713.00"
16.11.18,872.61,877.85,864.77,"4,654,418,430.00"
15.11.18,864.74,874.91,863.65,"4,630,848,138.00"
14.11.18,871.08,876.72,865.10,"6,090,594,902.00"
13.11.18,875.43,887.95,875.17,"5,126,725,354.00"
12.11.18,886.62,892.64,885.44,"3,591,580,558.00"
09.11.18,886.44,892.58,884.16,"4,405,450,688.00"
08.11.18,892.49,900.74,891.50,"4,463,837,653.00"
07.11.18,895.61,901.70,890.19,"4,601,093,637.00"
06.11.18,890.91,895.50,886.93,"4,055,502,312.00"
05.11.18,893.59,897.69,885.52,"3,797,738,887.00"
02.11.18,889.02,895.71,884.95,"4,696,154,132.00"
01.11.18,884.96,889.63,881.17,"4,928,412,465.00"
31.10.18,889.66,891.21,869.06,"5,768,475,681.00"
30.10.18,868.85,879.37,863.97,"4,539,788,289.00"
29.10.18,875.78,881.87,862.80,"4,324,045,258.00"
26.10.18,862.80,875.77,856.86,"5,243,429,964.00"
25.10.18,873.48,874.92,850.99,"6,327,015,664.00"
24.10.18,869.73,878.57,863.77,"5,457,806,258.00"
23.10.18,863.83,882.97,863.77,"6,050,000,091.00"
22.10.18,882.97,906.94,882.97,"4,204,349,729.00"
19.10.18,900.55,901.99,887.42,"5,019,651,962.00"
18.10.18,890.53,903.71,889.94,"5,684,615,308.00"
17.10.18,903.39,913.17,902.62,"4,270,325,435.00"
16.10.18,904.42,904.42,893.42,"4,400,682,489.00"
15.10.18,893.81,900.64,890.20,"4,264,354,486.00"
12.10.18,893.54,896.83,886.84,"4,837,241,919.00"
11.10.18,890.91,914.15,880.31,"7,262,333,773.00"
10.10.18,914.20,927.97,912.71,"5,662,045,065.00"
09.10.18,923.91,927.70,918.28,"4,820,517,239.00"
08.10.18,920.28,928.40,916.51,"4,579,640,040.00"
05.10.18,927.22,935.38,926.25,"4,826,096,712.00"
04.10.18,929.95,942.59,929.58,"5,123,194,424.00"
03.10.18,940.30,948.48,938.93,"4,757,043,790.00"
02.10.18,944.56,946.31,941.36,"4,853,101,839.00"
01.10.18,942.11,945.35,938.27,"4,254,300,562.00"
28.09.18,938.26,942.33,933.71,"4,396,870,277.00"
27.09.18,941.60,943.81,937.63,"3,483,455,059.00"
26.09.18,941.54,947.46,939.80,"4,163,410,669.00"
25.09.18,946.43,946.43,931.98,"5,716,781,577.00"
24.09.18,931.96,932.11,923.77,"4,237,873,820.00"
21.09.18,923.94,925.29,917.97,"6,729,367,239.00"
20.09.18,917.97,920.57,912.99,"4,555,509,762.00"
19.09.18,913.02,917.92,912.19,"3,833,786,884.00"
18.09.18,915.81,917.14,906.95,"4,455,851,707.00"
17.09.18,910.02,910.79,904.30,"2,974,688,799.00"
14.09.18,906.89,910.51,905.27,"3,495,326,031.00"
13.09.18,905.82,909.31,905.54,"3,451,685,194.00"
12.09.18,906.20,908.76,899.96,"4,159,438,943.00"
11.09.18,899.96,900.43,895.96,"3,746,181,116.00"
10.09.18,897.11,899.84,892.77,"3,306,474,173.00"
07.09.18,892.97,901.33,887.55,"4,190,234,229.00"
06.09.18,899.22,903.50,897.16,"4,179,356,920.00"
05.09.18,897.91,904.91,897.45,"4,399,339,469.00"
04.09.18,904.90,908.98,903.04,"3,445,667,637.00"
03.09.18,908.59,911.62,905.94,"3,024,129,166.00"
31.08.18,906.69,912.60,906.68,"4,996,139,193.00"
30.08.18,912.41,915.75,908.89,"3,317,567,295.00"
29.08.18,915.09,916.60,911.19,"3,431,284,390.00"
28.08.18,914.51,916.77,911.74,"3,629,547,716.00"
27.08.18,912.45,913.88,907.27,"2,586,417,201.00"
24.08.18,907.41,909.19,902.72,"3,636,370,694.00"
23.08.18,906.37,910.05,905.30,"3,647,319,869.00"
22.08.18,906.99,907.27,897.05,"4,242,499,576.00"
21.08.18,904.31,904.97,898.97,"3,482,601,915.00"
20.08.18,902.33,903.03,889.81,"3,586,686,449.00"
17.08.18,889.88,893.65,885.84,"3,661,000,648.00"
16.08.18,887.97,891.03,882.72,"3,633,472,205.00"
15.08.18,882.73,897.45,882.47,"3,714,224,992.00"
14.08.18,895.81,899.56,895.61,"3,525,188,288.00"
13.08.18,897.17,897.79,891.24,"2,994,417,145.00"
10.08.18,898.23,908.71,897.56,"3,767,040,089.00"
09.08.18,908.71,908.99,903.87,"3,636,252,749.00"
08.08.18,906.86,907.59,903.54,"3,557,100,556.00"
07.08.18,905.36,905.36,892.66,"3,502,614,615.00"
06.08.18,892.64,896.93,891.57,"2,817,780,085.00"
03.08.18,891.83,896.22,891.16,"3,667,512,339.00"
02.08.18,892.46,894.64,888.04,"3,901,681,813.00"
01.08.18,894.47,898.16,891.65,"3,876,470,959.00"
31.07.18,896.40,897.93,891.26,"5,410,818,665.00"
30.07.18,891.50,893.61,890.22,"2,790,569,335.00"
27.07.18,892.82,892.82,883.35,"3,103,858,533.00"
26.07.18,883.35,888.21,883.35,"3,560,840,125.00"
25.07.18,885.20,885.95,881.39,"3,839,599,393.00"
24.07.18,882.70,884.02,877.61,"3,607,719,091.00"
23.07.18,878.30,882.00,875.08,"3,053,383,461.00"
20.07.18,876.82,877.27,871.49,"3,881,312,043.00"
19.07.18,875.70,877.56,870.49,"3,678,439,784.00"
18.07.18,874.10,874.96,869.93,"3,791,824,777.00"
17.07.18,871.47,877.34,866.59,"4,887,457,532.00"
16.07.18,868.03,875.58,868.03,"3,653,612,253.00"
13.07.18,874.36,886.45,872.86,"4,813,690,549.00"
12.07.18,884.99,891.07,881.63,"4,779,350,887.00"
11.07.18,891.04,899.14,887.48,"3,655,072,608.00"
10.07.18,899.13,899.50,888.61,"3,968,721,674.00"
09.07.18,888.66,888.81,877.38,"3,441,790,589.00"
06.07.18,877.34,884.21,875.44,"3,802,365,278.00"
05.07.18,883.39,886.32,878.21,"4,218,338,627.00"
04.07.18,879.43,881.77,875.32,"2,684,746,495.00"
03.07.18,877.98,880.58,872.21,"3,846,853,345.00"
02.07.18,872.73,879.16,869.15,"3,455,953,879.00"
29.06.18,879.14,884.23,875.22,"5,278,395,979.00"
28.06.18,875.19,884.16,874.86,"4,428,907,785.00"
27.06.18,882.52,883.86,868.45,"4,432,496,570.00"
26.06.18,870.66,874.32,868.61,"3,730,538,129.00"
25.06.18,869.62,882.25,869.57,"3,384,483,682.00"
22.06.18,881.72,882.20,868.53,"5,013,982,083.00"
21.06.18,871.57,882.72,871.39,"4,217,074,290.00"
20.06.18,880.91,889.08,880.10,"4,252,582,734.00"
19.06.18,884.99,888.60,881.43,"4,594,872,609.00"
18.06.18,888.66,895.39,885.23,"4,397,919,556.00"
15.06.18,895.41,898.81,891.87,"7,166,088,772.00"
14.06.18,898.23,898.79,891.36,"4,934,831,527.00"
13.06.18,896.00,900.57,895.22,"4,454,247,020.00"
12.06.18,898.17,902.29,896.49,"4,614,753,021.00"
11.06.18,899.91,900.64,894.20,"4,203,049,572.00"
08.06.18,893.87,895.74,887.75,"4,255,257,804.00"
07.06.18,892.05,892.83,882.99,"4,854,525,554.00"
06.06.18,882.99,888.51,879.02,"4,077,975,179.00"
05.06.18,879.00,884.81,877.76,"4,168,172,726.00"
04.06.18,882.09,885.35,879.46,"3,617,586,018.00"
01.06.18,880.53,883.44,875.59,"4,330,689,067.00"
31.05.18,875.52,880.32,870.65,"10,820,773,341.00"
30.05.18,870.62,872.63,862.46,"4,463,479,169.00"
29.05.18,867.58,869.07,857.24,"4,635,494,784.00"
28.05.18,868.46,873.99,860.76,"2,706,699,437.00"
25.05.18,863.98,875.15,863.03,"4,929,004,529.00"
24.05.18,873.29,882.99,872.36,"5,072,402,311.00"
23.05.18,879.87,888.18,876.82,"5,057,445,131.00"
22.05.18,888.21,895.43,886.13,"5,757,976,638.00"
18.05.18,891.68,892.36,883.95,"6,280,833,451.00"
16.05.18,883.89,885.15,877.95,"5,305,889,046.00"
15.05.18,880.57,882.41,874.75,"5,446,613,283.00"
14.05.18,876.05,880.02,873.18,"3,869,791,492.00"
11.05.18,878.81,884.43,878.55,"4,974,451,780.00"
09.05.18,878.57,882.19,874.84,"5,690,338,912.00"
08.05.18,875.27,875.27,868.61,"5,165,013,925.00"
07.05.18,873.66,873.67,864.36,"3,722,961,928.00"
04.05.18,864.77,867.60,862.52,"4,760,217,849.00"
03.05.18,864.56,870.39,864.18,"4,361,009,012.00"
02.05.18,869.50,869.53,859.21,"5,881,756,089.00"
30.04.18,859.96,862.86,856.17,"4,995,675,632.00"
27.04.18,862.73,869.35,861.65,"4,430,529,016.00"
26.04.18,863.02,864.40,840.50,"7,628,716,344.00"
25.04.18,840.67,852.36,839.93,"6,736,802,491.00"
24.04.18,852.36,857.05,849.96,"5,230,634,059.00"
23.04.18,851.21,855.70,846.09,"4,703,716,796.00"
20.04.18,846.17,852.01,845.53,"4,851,401,860.00"
19.04.18,850.86,856.88,849.31,"5,471,598,334.00"
18.04.18,849.31,851.91,837.29,"6,353,295,590.00"
17.04.18,837.79,838.49,833.76,"4,723,333,433.00"
16.04.18,836.17,839.13,832.22,"4,362,964,883.00"
13.04.18,838.58,840.51,834.65,"5,610,250,775.00"
12.04.18,834.42,835.15,829.27,"6,781,823,363.00"
11.04.18,831.61,832.11,825.42,"5,960,896,346.00"
10.04.18,829.83,829.85,815.09,"5,883,003,786.00"
09.04.18,815.01,817.22,811.03,"4,441,479,093.00"
06.04.18,813.47,817.16,809.79,"4,271,055,765.00"
05.04.18,817.16,817.16,800.79,"4,225,620,264.00"
04.04.18,800.70,814.99,795.42,"5,079,998,184.00"
03.04.18,811.58,815.26,799.67,"5,967,406,812.00"
28.03.18,805.32,805.95,796.82,"2,933,540,495.00"
27.03.18,805.99,807.89,799.04,"3,530,411,484.00"
26.03.18,798.85,803.11,797.94,"3,211,560,992.00"
23.03.18,800.29,801.04,783.15,"4,465,852,924.00"
22.03.18,795.08,805.07,794.32,"4,167,401,686.00"
21.03.18,805.07,805.07,797.86,"3,924,548,159.00"
20.03.18,802.48,803.17,797.39,"3,555,944,884.00"
19.03.18,798.08,807.30,797.88,"3,393,746,806.00"
16.03.18,806.72,807.35,803.07,"6,740,856,612.00"
15.03.18,806.71,815.03,805.21,"3,683,310,574.00"
14.03.18,810.63,819.19,810.63,"3,837,047,852.00"
13.03.18,816.98,822.12,816.40,"4,104,066,863.00"
12.03.18,817.31,822.85,816.68,"3,855,899,991.00"
09.03.18,818.29,818.69,812.16,"3,783,157,081.00"
08.03.18,815.38,816.40,810.89,"3,622,747,903.00"
07.03.18,811.89,816.72,809.24,"4,011,977,736.00"
06.03.18,816.73,816.73,801.63,"4,412,928,003.00"
05.03.18,801.36,802.16,793.29,"3,358,601,111.00"
02.03.18,793.98,809.99,793.95,"4,272,471,875.00"
01.03.18,810.11,819.78,806.17,"4,265,189,484.00"
28.02.18,819.77,821.14,813.39,"4,095,555,227.00"
27.02.18,818.88,821.55,816.45,"3,902,239,173.00"
26.02.18,820.08,827.81,819.92,"3,328,553,277.00"
23.02.18,822.48,822.81,812.40,"4,001,957,714.00"
22.02.18,812.39,814.08,802.79,"3,959,972,862.00"
21.02.18,812.28,812.30,805.44,"4,557,071,392.00"
20.02.18,809.96,810.42,805.59,"3,437,803,903.00"
19.02.18,807.58,814.29,807.48,"2,802,442,068.00"
16.02.18,809.90,809.95,801.67,"4,233,395,722.00"
15.02.18,801.65,808.05,794.50,"4,896,941,025.00"
14.02.18,794.49,803.37,787.83,"4,865,609,122.00"
13.02.18,799.12,802.41,795.12,"4,553,137,980.00"
12.02.18,798.40,801.36,787.49,"4,410,528,472.00"
09.02.18,787.54,796.83,779.26,"5,775,100,719.00"
08.02.18,796.85,800.74,792.63,"6,136,169,552.00"
07.02.18,798.91,801.19,784.79,"5,914,261,016.00"
06.02.18,784.79,802.97,770.76,"6,861,411,842.00"
05.02.18,803.05,809.61,796.32,"4,485,430,416.00"
02.02.18,809.86,821.56,808.14,"4,727,907,534.00"
01.02.18,818.15,820.29,811.03,"4,345,241,079.00"
31.01.18,811.01,816.86,808.32,"4,361,599,078.00"
30.01.18,808.99,817.75,807.06,"4,557,717,124.00"
29.01.18,817.67,827.12,817.67,"3,764,931,574.00"
26.01.18,823.12,829.05,823.12,"4,194,152,294.00"
25.01.18,828.67,837.05,827.04,"3,909,084,416.00"
24.01.18,836.70,840.75,835.69,"3,839,407,979.00"
23.01.18,839.47,843.49,837.67,"4,135,966,864.00"
22.01.18,840.13,840.14,834.89,"3,474,080,324.00"
19.01.18,835.33,836.66,829.49,"4,518,728,106.00"
18.01.18,832.67,836.08,831.92,"3,987,605,950.00"
17.01.18,835.05,839.89,833.10,"4,442,634,578.00"
16.01.18,839.88,842.62,837.73,"3,869,335,684.00"
15.01.18,839.79,843.39,837.33,"3,379,583,237.00"
12.01.18,839.78,840.38,835.35,"4,279,443,570.00"
11.01.18,839.04,841.65,835.68,"4,246,427,129.00"
10.01.18,840.22,841.63,836.37,"4,159,841,512.00"
09.01.18,840.64,843.74,834.51,"4,467,377,871.00"
08.01.18,834.73,836.07,831.22,"3,927,494,007.00"
05.01.18,832.67,832.69,825.58,"4,685,002,325.00"
04.01.18,825.90,825.91,817.60,"4,635,097,368.00"
03.01.18,817.59,819.10,815.23,"3,990,784,178.00"
02.01.18,815.22,819.15,812.05,"3,051,232,885.00"
29.12.17,814.45,819.66,814.44,"2,096,737,977.00"
28.12.17,818.03,818.87,812.66,"2,029,729,648.00"
27.12.17,815.01,815.01,806.67,"2,340,252,971.00"
22.12.17,806.68,810.93,806.35,"2,419,336,481.00"
21.12.17,807.93,807.93,799.06,"3,938,874,489.00"
20.12.17,799.13,801.67,798.21,"3,624,661,513.00"
19.12.17,800.35,803.94,798.74,
18.12.17,799.22,799.28,790.75,"3,437,545,988.00"
15.12.17,790.76,797.67,789.94,"5,132,227,480.00"
14.12.17,795.50,798.14,793.21,"4,318,487,421.00"
13.12.17,798.13,801.67,798.13,"4,073,194,739.00"
12.12.17,800.93,800.96,791.87,"4,511,723,240.00"
11.12.17,791.88,792.01,784.87,"3,904,180,599.00"
08.12.17,786.69,787.90,782.59,"3,906,519,435.00"
07.12.17,782.59,787.83,781.73,"3,565,553,698.00"
06.12.17,786.30,792.13,784.34,"3,477,398,141.00"
05.12.17,792.07,800.41,791.33,"3,824,205,040.00"
04.12.17,800.37,803.25,798.67,"3,744,770,777.00"
01.12.17,798.41,798.65,791.25,"4,056,504,781.00"
30.11.17,796.83,798.66,789.29,"7,239,613,621.00"
29.11.17,797.18,799.39,794.96,"3,338,308,215.00"
28.11.17,795.19,795.46,790.91,"3,300,280,636.00"
27.11.17,792.93,801.32,792.91,"2,880,183,807.00"
24.11.17,800.32,804.37,799.31,"2,825,901,018.00"
23.11.17,803.95,807.17,801.20,"2,432,221,068.00"
22.11.17,807.07,808.86,803.81,"3,872,963,596.00"
21.11.17,808.46,808.48,799.58,"3,529,154,835.00"
20.11.17,800.22,800.35,793.79,"2,886,481,368.00"
17.11.17,796.14,803.60,794.77,"3,489,206,842.00"
16.11.17,802.20,802.24,795.08,"4,200,631,422.00"
15.11.17,795.02,801.76,793.64,"4,446,707,506.00"
14.11.17,801.85,805.92,800.86,"3,591,495,826.00"
13.11.17,805.95,810.00,801.23,"3,394,058,201.00"
10.11.17,808.20,812.97,807.29,"3,967,078,287.00"
09.11.17,811.19,822.19,808.93,"5,284,322,794.00"
08.11.17,822.17,822.17,817.03,"4,762,481,314.00"
07.11.17,819.40,821.45,818.00,"4,580,173,172.00"
06.11.17,817.85,820.62,815.20,"3,574,836,924.00"
03.11.17,815.85,816.20,808.94,"3,913,879,473.00"
02.11.17,809.02,815.51,807.00,"4,049,051,138.00"
01.11.17,815.41,816.26,807.08,"4,448,540,735.00"
31.10.17,806.95,810.55,806.57,"3,753,656,233.00"
30.10.17,809.85,809.86,799.62,"4,355,028,472.00"
27.10.17,801.53,802.51,795.47,"4,425,880,115.00"
26.10.17,795.49,799.56,791.20,"5,266,516,348.00"
25.10.17,798.10,799.25,790.21,"4,713,641,883.00"
24.10.17,790.87,792.63,789.06,"3,735,109,820.00"
23.10.17,791.83,795.35,791.83,"2,750,413,592.00"
20.10.17,794.88,794.97,787.59,"4,073,297,650.00"
19.10.17,787.46,792.62,785.81,"4,111,244,224.00"
18.10.17,788.08,789.62,786.28,"3,013,979,247.00"
17.10.17,788.67,791.97,786.75,"3,214,610,785.00"
16.10.17,790.87,793.76,790.87,"3,033,845,150.00"
13.10.17,792.44,792.98,788.37,"3,102,474,983.00"
12.10.17,790.39,791.27,785.83,"2,882,271,554.00"
11.10.17,788.38,789.76,785.63,"4,080,589,143.00"
10.10.17,788.03,789.70,784.08,"2,764,324,246.00"
09.10.17,785.80,787.40,783.81,"2,517,220,804.00"
06.10.17,784.79,790.60,783.55,"2,801,693,840.00"
05.10.17,789.24,789.92,782.96,"3,147,130,663.00"
04.10.17,783.95,789.07,783.55,"3,279,053,409.00"
03.10.17,788.82,789.43,784.71,"2,925,206,787.00"
02.10.17,784.71,787.54,782.58,"3,629,979,077.00"
29.09.17,783.09,783.86,777.78,"3,742,958,825.00"
28.09.17,782.60,782.90,778.29,"3,444,024,290.00"
27.09.17,778.98,779.16,774.26,"3,299,027,653.00"
26.09.17,773.96,778.97,772.95,"3,850,150,926.00"
25.09.17,777.92,778.37,772.00,"3,452,850,573.00"
22.09.17,773.22,773.75,769.10,"3,061,586,605.00"
21.09.17,771.91,771.91,765.22,"3,828,038,999.00"
20.09.17,765.38,765.73,762.87,"2,839,585,537.00"
19.09.17,763.53,763.65,760.32,"2,558,567,917.00"
18.09.17,762.49,764.89,758.93,"2,944,191,832.00"
15.09.17,758.88,762.69,758.78,"4,096,442,788.00"
14.09.17,762.71,763.47,759.51,"3,580,621,591.00"
13.09.17,761.44,761.92,755.08,"3,573,638,281.00"
12.09.17,756.34,756.57,751.62,"3,386,556,912.00"
11.09.17,751.68,751.77,745.28,"2,659,278,401.00"
08.09.17,745.42,748.40,743.97,"3,089,346,447.00"
07.09.17,747.40,749.69,745.32,"3,820,688,719.00"
06.09.17,745.41,748.80,742.41,"3,326,197,403.00"
05.09.17,748.81,749.73,744.58,"3,115,936,386.00"
04.09.17,745.87,747.19,742.44,"2,336,116,434.00"
01.09.17,747.27,747.27,739.64,"3,234,008,615.00"
31.08.17,739.87,740.27,729.36,"5,348,601,363.00"
30.08.17,730.06,730.38,723.17,"2,995,694,926.00"
29.08.17,723.18,728.60,718.03,"3,242,718,588.00"
28.08.17,728.60,730.45,727.06,"2,074,102,317.00"
25.08.17,730.42,732.32,728.04,"3,029,001,772.00"
24.08.17,730.50,731.53,725.36,"3,355,574,333.00"
23.08.17,729.16,731.78,728.23,"2,644,438,528.00"
22.08.17,730.54,730.61,725.58,"2,795,720,644.00"
21.08.17,725.72,731.70,724.71,"2,905,112,323.00"
18.08.17,726.46,727.23,723.05,"2,727,751,582.00"
17.08.17,726.71,736.49,726.71,"3,050,619,437.00"
16.08.17,736.47,736.86,730.53,"3,202,973,679.00"
15.08.17,730.54,735.96,729.62,"3,242,982,225.00"
14.08.17,735.75,736.15,727.80,"2,703,594,814.00"
11.08.17,727.80,735.76,725.40,"3,152,811,425.00"
10.08.17,735.76,741.65,735.58,"2,646,812,309.00"
09.08.17,741.54,744.36,738.52,"3,156,722,277.00"
08.08.17,742.51,743.31,739.54,"2,474,757,843.00"
07.08.17,742.37,742.57,737.99,"2,712,290,093.00"
04.08.17,738.06,738.45,734.93,"2,626,257,360.00"
03.08.17,736.06,736.98,732.21,"2,853,385,025.00"
02.08.17,735.45,737.35,732.51,"3,221,876,823.00"
01.08.17,737.36,738.51,732.25,"3,495,719,949.00"
31.07.17,732.51,735.33,731.44,"3,291,341,012.00"
28.07.17,734.42,734.42,727.71,"3,072,056,009.00"
27.07.17,732.82,737.22,731.71,"3,508,493,114.00"
26.07.17,732.54,733.43,724.54,"3,320,031,253.00"
25.07.17,724.49,726.28,719.41,"3,043,679,953.00"
24.07.17,723.05,724.41,720.18,"2,536,402,616.00"
21.07.17,723.24,734.19,721.53,"2,985,175,878.00"
20.07.17,734.09,735.15,728.12,"3,396,184,436.00"
19.07.17,728.25,728.46,723.74,"2,801,354,112.00"
18.07.17,725.89,730.05,725.18,"3,620,656,083.00"
17.07.17,729.18,730.43,721.22,"3,675,085,879.00"
14.07.17,721.22,723.06,719.09,"3,461,141,962.00"
13.07.17,722.00,722.59,716.12,"4,129,795,900.00"
12.07.17,716.81,716.81,701.69,"3,879,724,133.00"
11.07.17,702.38,704.47,698.92,"2,982,630,654.00"
10.07.17,702.25,702.33,696.70,"2,583,812,626.00"
07.07.17,696.64,701.83,696.22,"2,694,315,273.00"
06.07.17,701.80,706.03,699.98,"3,139,307,354.00"
05.07.17,701.85,707.56,701.20,"2,691,147,066.00"
04.07.17,707.52,708.29,704.15,"2,248,562,758.00"
03.07.17,705.06,705.37,698.64,"2,898,786,324.00"
30.06.17,698.58,699.07,693.74,"3,727,117,799.00"
29.06.17,695.01,704.66,694.93,"3,396,160,079.00"
28.06.17,698.87,698.87,690.80,"3,821,130,803.00"
27.06.17,693.76,695.23,690.98,"2,891,423,362.00"
26.06.17,693.17,698.28,693.02,"2,674,538,503.00"
23.06.17,693.32,695.50,691.13,"2,738,188,164.00"
22.06.17,693.74,699.68,691.72,"3,394,038,464.00"
21.06.17,699.68,704.28,696.85,"3,680,030,011.00"
20.06.17,704.07,708.98,703.50,"3,196,769,913.00"
19.06.17,705.14,705.70,699.11,"2,358,834,013.00"
16.06.17,699.16,700.48,696.74,"4,357,255,899.00"
15.06.17,696.79,708.31,695.39,"3,990,648,125.00"
14.06.17,708.31,713.01,707.88,"3,261,824,532.00"
13.06.17,710.06,713.21,708.20,"3,140,384,260.00"
12.06.17,711.91,711.98,704.47,"3,012,816,460.00"
09.06.17,706.68,706.79,701.19,"2,878,081,301.00"
08.06.17,704.95,711.18,703.00,"3,308,099,377.00"
07.06.17,711.06,713.54,707.79,"3,248,632,346.00"
06.06.17,709.37,712.10,705.37,"2,768,044,908.00"
02.06.17,712.08,716.09,710.55,"2,896,666,850.00"
01.06.17,713.19,715.18,710.34,"3,269,299,635.00"
31.05.17,710.34,718.49,709.24,"5,835,418,874.00"
30.05.17,718.32,719.64,713.87,"2,823,819,636.00"
29.05.17,718.20,718.90,716.63,"1,466,280,897.00"
26.05.17,718.74,725.91,716.73,"3,298,042,619.00"
24.05.17,725.95,725.95,721.02,"2,982,087,322.00"
23.05.17,721.49,723.92,719.49,"2,788,331,547.00"
22.05.17,723.76,726.11,721.21,"2,710,491,807.00"
19.05.17,722.70,722.84,712.67,"4,019,175,380.00"
18.05.17,712.67,728.28,708.04,"5,352,316,213.00"
16.05.17,728.29,728.33,723.12,"3,572,172,525.00"
15.05.17,724.66,726.80,721.17,"3,284,650,684.00"
12.05.17,721.14,722.58,718.11,"3,226,033,398.00"
11.05.17,718.13,724.11,717.39,"4,168,985,922.00"
10.05.17,719.18,720.27,716.58,"3,902,261,663.00"
09.05.17,719.50,719.99,712.81,"4,223,928,758.00"
08.05.17,712.95,712.95,707.03,"3,548,409,712.00"
05.05.17,709.61,709.97,696.40,"4,722,494,595.00"
04.05.17,699.97,708.87,699.06,"4,266,644,624.00"
03.05.17,703.79,705.21,700.62,"3,256,565,358.00"
02.05.17,704.89,704.89,696.94,"4,004,476,667.00"
28.04.17,697.66,700.24,696.06,"4,319,987,881.00"
27.04.17,698.73,701.36,696.66,"4,030,084,111.00"
26.04.17,698.50,699.89,695.34,"3,828,717,891.00"
25.04.17,698.52,698.52,691.50,"3,462,541,857.00"
24.04.17,691.44,693.46,683.02,"3,537,786,742.00"
21.04.17,683.02,686.41,681.38,"3,536,142,435.00"
20.04.17,683.46,684.04,680.13,"3,630,087,467.00"
19.04.17,682.45,685.46,681.06,"3,078,977,635.00"
18.04.17,685.38,699.42,683.31,"4,606,315,977.00"
12.04.17,696.87,697.49,692.99,"1,819,032,004.00"
11.04.17,692.90,694.50,691.70,"2,508,085,529.00"
10.04.17,694.49,694.49,691.97,"2,240,274,293.00"
07.04.17,692.45,694.52,689.91,"3,151,878,758.00"
06.04.17,691.98,693.35,684.13,"3,441,373,167.00"
05.04.17,693.09,693.25,687.18,"3,257,044,575.00"
04.04.17,687.04,692.09,685.57,"2,937,087,904.00"
03.04.17,692.01,694.20,687.83,"3,009,595,975.00"
31.03.17,687.85,692.60,685.50,"3,863,549,000.00"
30.03.17,691.70,691.72,686.40,"2,905,014,719.00"
29.03.17,686.39,690.72,684.69,"3,158,353,035.00"
28.03.17,685.64,686.08,679.47,"3,310,137,880.00"
27.03.17,679.76,693.57,677.65,"3,459,412,102.00"
24.03.17,693.60,694.64,691.80,"2,975,031,643.00"
23.03.17,693.96,694.58,690.51,"3,180,446,066.00"
22.03.17,693.57,702.96,690.77,"3,466,213,466.00"
21.03.17,702.96,708.54,702.23,"3,142,325,309.00"
20.03.17,703.56,704.75,701.59,"2,481,244,476.00"
17.03.17,703.89,706.39,702.53,"4,195,095,506.00"
16.03.17,702.89,706.95,698.28,"3,793,330,998.00"
15.03.17,697.62,699.32,694.57,"3,572,647,315.00"
14.03.17,694.65,702.28,692.83,"3,935,315,605.00"
13.03.17,700.15,700.57,696.82,"3,042,558,731.00"
10.03.17,698.64,699.90,689.51,"3,292,093,684.00"
09.03.17,689.51,691.39,684.41,"4,179,990,798.00"
08.03.17,691.39,692.85,690.25,"3,187,891,746.00"
07.03.17,692.93,694.42,689.71,"3,110,384,713.00"
06.03.17,690.91,693.49,688.97,"2,784,898,327.00"
03.03.17,691.95,699.60,690.95,"3,510,237,488.00"
02.03.17,699.57,702.77,696.76,"3,735,776,242.00"
01.03.17,696.84,696.89,690.26,"3,469,851,032.00"
28.02.17,690.27,690.66,687.06,"4,229,780,254.00"
27.02.17,687.73,690.60,686.85,"2,679,255,154.00"
24.02.17,687.25,693.23,685.35,"3,187,609,456.00"
23.02.17,693.29,698.02,693.19,"3,117,789,155.00"
22.02.17,694.59,700.96,694.57,"3,276,727,213.00"
21.02.17,699.59,699.59,690.28,"3,347,267,792.00"
20.02.17,691.50,692.67,687.63,"2,310,613,687.00"
17.02.17,687.63,692.71,684.87,"3,600,742,045.00"
16.02.17,692.78,694.49,690.23,"4,017,585,562.00"
15.02.17,694.35,702.95,694.07,"3,893,220,071.00"
14.02.17,701.06,702.95,699.36,"3,032,528,504.00"
13.02.17,702.92,702.99,696.22,"3,142,202,030.00"
10.02.17,696.20,697.90,693.33,"3,791,540,591.00"
09.02.17,694.51,699.69,690.06,"4,498,508,214.00"
08.02.17,697.69,701.53,696.70,"4,753,310,362.00"
07.02.17,701.53,702.23,696.60,"3,266,813,911.00"
06.02.17,701.58,702.65,699.03,"3,454,148,727.00"
03.02.17,702.00,702.36,694.05,"3,171,450,352.00"
02.02.17,694.05,701.88,693.43,"3,723,003,944.00"
01.02.17,701.78,702.99,692.97,"3,167,392,376.00"
31.01.17,693.12,699.89,692.82,"3,939,941,679.00"
30.01.17,698.00,708.17,697.92,"2,875,589,563.00"
27.01.17,707.98,710.46,704.07,"2,879,741,829.00"
26.01.17,709.47,711.21,706.24,"3,330,514,197.00"
25.01.17,708.88,708.93,701.49,"4,076,925,224.00"
24.01.17,701.48,701.98,696.81,"3,605,423,051.00"
23.01.17,697.17,700.88,696.51,"2,717,523,940.00"
20.01.17,700.85,701.77,698.24,"2,949,946,502.00"
19.01.17,698.78,699.39,693.25,"3,280,738,739.00"
18.01.17,693.25,695.39,689.87,"3,419,268,777.00"
17.01.17,689.87,691.82,688.30,"2,870,862,781.00"
16.01.17,691.50,696.62,690.96,"2,500,281,740.00"
13.01.17,696.24,696.39,692.93,"3,121,111,729.00"
12.01.17,692.93,696.10,690.98,"3,436,058,592.00"
11.01.17,694.91,694.91,685.74,"3,149,495,158.00"
10.01.17,690.24,691.95,687.36,"3,337,531,705.00"
09.01.17,689.52,698.39,689.05,"3,510,859,177.00"
06.01.17,694.57,696.60,692.57,"2,752,729,160.00"
05.01.17,696.22,696.34,691.23,"4,021,740,420.00"
04.01.17,692.13,694.33,690.34,"3,080,152,605.00"
03.01.17,693.98,694.95,690.90,"3,670,432,996.00"
02.01.17,691.51,691.60,683.87,"1,852,234,120.00"
30.12.16,683.87,686.53,683.45,"1,730,502,486.00"
29.12.16,686.36,686.45,682.67,"1,452,284,872.00"
28.12.16,685.61,686.44,683.65,"1,588,467,966.00"
27.12.16,683.65,684.69,679.49,"1,184,108,991.00"
23.12.16,679.74,679.86,677.60,"1,936,844,737.00"
22.12.16,678.04,678.04,674.03,"2,594,132,448.00"
21.12.16,675.61,680.11,675.61,"3,122,568,124.00"
20.12.16,678.10,680.25,674.81,"3,426,949,619.00"
19.12.16,678.69,681.26,678.63,"3,446,236,536.00"
16.12.16,680.37,682.15,675.12,"4,888,135,184.00"
15.12.16,675.27,682.03,674.48,"4,443,940,354.00"
14.12.16,680.92,683.55,679.10,"3,215,554,759.00"
13.12.16,683.53,686.08,681.03,"3,747,553,585.00"
12.12.16,686.10,692.27,683.05,"3,601,148,793.00"
09.12.16,683.03,683.11,676.13,"3,685,110,860.00"
08.12.16,677.86,677.86,669.23,"4,090,830,924.00"
07.12.16,669.47,669.47,663.07,"3,676,513,343.00"
06.12.16,663.10,664.13,661.67,"3,230,445,018.00"
05.12.16,663.65,664.63,657.02,"3,243,870,040.00"
02.12.16,657.55,663.01,656.06,"3,372,412,500.00"
01.12.16,662.79,663.07,656.32,"4,320,999,503.00"
30.11.16,656.63,660.51,647.66,"6,153,788,621.00"
29.11.16,649.80,656.95,648.85,"2,982,244,043.00"
28.11.16,654.86,658.50,651.48,"2,297,990,134.00"
25.11.16,658.44,659.77,657.53,"2,253,807,252.00"
24.11.16,658.55,659.55,656.53,"2,125,204,104.00"
23.11.16,656.96,660.30,654.12,"2,814,623,797.00"
22.11.16,657.06,658.33,653.38,"3,034,532,911.00"
21.11.16,653.38,653.83,647.68,"2,619,683,358.00"
18.11.16,647.68,649.38,644.44,"2,724,928,806.00"
17.11.16,647.80,648.97,644.86,"3,552,528,949.00"
16.11.16,645.25,649.43,643.10,"3,602,440,651.00"
15.11.16,646.60,646.72,638.83,"3,512,478,681.00"
14.11.16,638.83,644.85,636.32,"3,090,417,839.00"
11.11.16,640.28,648.75,638.38,"3,630,120,863.00"
10.11.16,645.99,648.24,637.83,"4,427,305,770.00"
09.11.16,637.84,639.77,616.75,"4,263,201,750.00"
08.11.16,635.45,637.85,632.83,"2,658,739,702.00"
07.11.16,633.10,634.65,626.48,"2,727,371,211.00"
04.11.16,625.90,631.54,623.86,"2,822,019,355.00"
03.11.16,630.06,632.34,626.67,"2,853,197,855.00"
02.11.16,626.70,639.84,626.67,"3,733,299,210.00"
01.11.16,639.60,643.52,637.30,"3,178,636,455.00"
31.10.16,638.20,643.60,638.20,"3,452,165,933.00"
28.10.16,642.24,643.65,638.13,"2,961,098,393.00"
27.10.16,642.77,644.70,632.15,"4,171,918,175.00"
26.10.16,633.44,646.12,633.41,"4,023,904,116.00"
25.10.16,645.92,646.06,642.02,"2,965,512,437.00"
24.10.16,642.04,644.88,640.91,"2,552,409,303.00"
21.10.16,641.53,642.51,638.22,"3,187,914,596.00"
20.10.16,638.31,641.76,636.48,"3,509,123,149.00"
19.10.16,638.14,638.25,633.49,"2,874,508,632.00"
18.10.16,633.70,635.40,631.34,"3,271,372,751.00"
17.10.16,632.11,637.53,630.03,"2,824,806,518.00"
14.10.16,637.52,637.52,630.58,"2,664,313,434.00"
13.10.16,630.63,635.05,629.13,"2,831,144,146.00"
12.10.16,635.09,640.04,635.06,"3,012,268,983.00"
11.10.16,638.55,642.17,636.47,"3,031,370,199.00"
10.10.16,639.55,639.55,629.19,"2,897,118,347.00"
07.10.16,629.39,636.43,628.14,"3,190,084,981.00"
06.10.16,633.17,634.01,630.00,"2,819,973,362.00"
05.10.16,631.72,632.52,626.23,"2,947,577,443.00"
04.10.16,630.85,630.85,622.64,"3,904,121,159.00"
03.10.16,622.64,626.01,622.30,"2,492,035,283.00"
30.09.16,622.69,623.15,614.47,"3,830,486,894.00"
29.09.16,623.08,623.08,609.60,"3,955,999,245.00"
28.09.16,609.43,610.44,604.79,"2,227,490,315.00"
27.09.16,604.79,611.60,602.13,"2,671,319,378.00"
26.09.16,609.04,617.73,608.43,"2,532,545,918.00"
23.09.16,617.79,618.34,613.72,"2,681,246,333.00"
22.09.16,618.32,621.12,610.08,"3,189,362,574.00"
21.09.16,610.06,612.80,608.01,"2,268,048,784.00"
20.09.16,609.16,609.61,604.65,"2,402,146,349.00"
19.09.16,607.36,607.57,601.30,"2,112,778,342.00"
16.09.16,601.25,602.43,596.79,"3,300,139,471.00"
15.09.16,596.82,601.75,596.72,"2,771,812,989.00"
14.09.16,602.58,606.26,600.92,"2,382,550,553.00"
13.09.16,603.10,611.72,602.62,"2,330,996,306.00"
12.09.16,608.49,619.53,602.65,"2,941,997,947.00"
09.09.16,619.53,627.00,618.86,"3,092,625,297.00"
08.09.16,624.93,630.24,624.07,"2,430,006,313.00"
07.09.16,626.40,626.41,622.47,"2,184,766,996.00"
06.09.16,622.41,628.10,622.39,"1,903,622,595.00"
05.09.16,627.05,629.33,623.31,"2,235,934,679.00"
02.09.16,623.11,623.32,614.29,"2,622,857,416.00"
01.09.16,616.28,621.20,615.60,"2,589,084,420.00"
31.08.16,618.93,622.15,618.68,"2,851,728,283.00"
30.08.16,622.09,623.09,616.44,"2,377,670,975.00"
29.08.16,616.68,618.50,613.58,"1,188,400,691.00"
26.08.16,618.41,618.41,614.08,"1,638,120,388.00"
25.08.16,616.68,619.42,613.43,"1,944,332,219.00"
24.08.16,619.28,621.06,615.68,"2,254,862,453.00"
23.08.16,618.02,618.35,611.34,"2,271,070,995.00"
22.08.16,612.41,614.85,609.76,"2,177,541,691.00"
19.08.16,612.53,613.98,609.49,"2,260,225,401.00"
18.08.16,609.64,612.87,606.87,"2,550,870,380.00"
17.08.16,606.95,618.95,606.92,"2,400,943,753.00"
16.08.16,617.73,620.11,615.42,"2,288,452,387.00"
15.08.16,619.06,622.56,617.54,"2,470,382,197.00"
12.08.16,621.25,626.02,620.68,"2,162,179,096.00"
11.08.16,621.37,621.37,616.92,"2,021,831,382.00"
10.08.16,619.96,622.47,618.07,"2,322,654,278.00"
09.08.16,622.81,622.81,613.24,"2,535,351,523.00"
08.08.16,614.80,615.35,612.76,"2,248,507,927.00"
05.08.16,612.78,613.02,608.15,"1,988,618,907.00"
04.08.16,608.22,609.83,601.67,"2,638,998,795.00"
03.08.16,601.45,604.98,599.52,"2,408,891,825.00"
02.08.16,604.73,610.48,603.79,"2,616,455,329.00"
01.08.16,610.55,618.88,608.68,"2,215,567,835.00"
29.07.16,612.63,617.25,612.26,"2,879,192,794.00"
28.07.16,615.63,623.10,615.52,"2,760,308,212.00"
27.07.16,623.08,623.50,615.00,"2,537,384,910.00"
26.07.16,620.30,620.40,615.88,"2,242,039,106.00"
25.07.16,618.56,627.53,618.54,"2,060,833,657.00"
22.07.16,625.25,631.78,624.88,"2,633,485,093.00"
21.07.16,631.73,632.62,624.61,"3,683,089,245.00"
20.07.16,624.58,627.29,623.27,"2,603,679,083.00"
19.07.16,624.90,625.50,619.37,"2,754,312,187.00"
18.07.16,619.31,623.08,618.35,"2,382,271,144.00"
15.07.16,622.36,623.31,618.88,"2,566,391,169.00"
14.07.16,621.05,623.35,618.19,"2,991,153,558.00"
13.07.16,619.49,620.35,614.54,"2,548,860,230.00"
12.07.16,617.29,620.30,614.07,"3,830,083,762.00"
11.07.16,620.06,620.89,610.31,"2,697,128,517.00"
08.07.16,610.32,610.57,600.96,"3,024,939,592.00"
07.07.16,608.08,608.17,592.14,"2,689,748,006.00"
06.07.16,592.22,602.56,592.13,"2,936,530,473.00"
05.07.16,597.29,608.60,596.38,"2,570,609,816.00"
04.07.16,608.59,615.35,608.59,"2,088,252,859.00"
01.07.16,611.57,611.58,602.78,"3,160,748,713.00"
30.06.16,602.86,605.87,597.79,"4,355,965,640.00"
29.06.16,599.68,600.00,587.72,"3,073,551,957.00"
28.06.16,587.35,588.70,573.35,"3,428,230,063.00"
27.06.16,573.01,592.02,572.97,"3,999,140,682.00"
24.06.16,592.16,609.10,573.35,"5,005,754,789.00"
23.06.16,610.94,615.07,606.18,"2,666,330,271.00"
22.06.16,606.92,608.40,602.81,"2,493,971,742.00"
21.06.16,603.19,604.42,600.32,"2,502,277,898.00"
20.06.16,603.76,605.38,591.04,"2,674,976,928.00"
17.06.16,590.87,592.39,575.26,"4,072,725,668.00"
16.06.16,575.25,589.98,574.99,"3,634,704,635.00"
15.06.16,590.13,593.49,587.24,"2,983,727,290.00"
14.06.16,587.34,595.78,587.34,"2,950,534,511.00"
13.06.16,595.78,604.76,593.07,"2,989,940,008.00"
10.06.16,604.78,612.65,603.82,"3,155,001,120.00"
09.06.16,612.54,622.90,612.03,"3,217,183,028.00"
08.06.16,622.70,624.41,618.97,"3,429,690,708.00"
07.06.16,621.80,621.80,614.98,"3,530,948,930.00"
06.06.16,615.11,615.11,609.26,"2,475,487,819.00"
03.06.16,609.26,615.70,609.26,"2,701,074,252.00"
02.06.16,611.31,616.48,610.02,"2,551,907,511.00"
01.06.16,611.63,617.38,610.80,"3,162,343,746.00"
31.05.16,617.31,624.05,617.05,"7,384,717,432.00"
30.05.16,622.89,623.76,618.85,"1,596,732,794.00"
27.05.16,618.82,622.26,616.78,"2,638,244,299.00"
26.05.16,622.25,622.30,616.25,"3,320,982,244.00"
25.05.16,619.62,619.62,611.31,"3,352,287,269.00"
24.05.16,610.77,610.77,602.44,"3,271,904,446.00"
23.05.16,605.38,607.92,602.14,"2,723,709,593.00"
20.05.16,605.06,605.46,594.78,"3,707,355,500.00"
19.05.16,594.65,605.71,594.65,"3,617,673,021.00"
18.05.16,605.35,605.37,597.29,"3,693,358,740.00"
13.05.16,597.31,601.62,596.32,"3,657,160,779.00"
12.05.16,600.43,607.41,598.85,"3,830,722,367.00"
11.05.16,599.02,599.25,594.19,"3,382,473,579.00"
10.05.16,594.19,598.51,592.36,"3,519,874,406.00"
09.05.16,593.58,599.49,592.88,"3,231,223,607.00"
06.05.16,595.94,597.16,589.54,"3,214,959,030.00"
04.05.16,595.61,596.76,590.73,"3,252,313,948.00"
03.05.16,592.60,603.17,591.60,"3,712,949,073.00"
02.05.16,601.41,606.68,600.11,"2,237,522,562.00"
29.04.16,606.2815,611.9718,603.9064,"3,858,692,589.00"
28.04.16,610.9647,612.0039,603.788,"4,276,555,223.00"
27.04.16,606.3172,606.6515,594.802,"4,616,928,857.00"
26.04.16,594.8632,596.9315,592.4798,"3,137,623,832.00"
25.04.16,592.2246,596.4045,591.6361,"3,051,398,412.00"
22.04.16,595.2337,599.1568,591.8021,"3,256,338,497.00"
21.04.16,599.0586,605.5186,597.2689,"4,349,372,752.00"
20.04.16,597.2689,601.1256,592.2197,"3,713,432,082.00"
19.04.16,595.9184,595.9286,585.4541,"3,647,729,114.00"
18.04.16,585.4582,585.4582,573.6427,"3,231,511,231.00"
15.04.16,584.7214,590.4511,583.8603,"2,848,349,903.00"
14.04.16,589.145,591.9177,584.0535,"3,410,463,443.00"
13.04.16,588.9538,588.9538,575.9333,"3,732,333,740.00"
12.04.16,574.3433,576.0464,571.5148,"3,196,380,704.00"
11.04.16,571.6661,572.7248,563.8321,"2,970,131,653.00"
08.04.16,566.2374,566.7624,559.3554,"3,174,108,705.00"
07.04.16,560.4252,568.1238,559.8226,"2,972,990,521.00"
06.04.16,562.8902,564.9262,559.7398,"3,049,379,581.00"
05.04.16,559.8362,566.8472,557.6354,"3,092,843,899.00"
04.04.16,566.852,572.0468,565.1875,"2,805,173,702.00"
01.04.16,569.7878,577.6752,566.6917,"3,576,640,289.00"
31.03.16,577.7497,585.1462,575.7726,"3,537,057,620.00"
30.03.16,585.1199,585.218,569.7494,"3,457,296,174.00"
29.03.16,569.7526,587.627,569.5062,"3,953,237,566.00"
23.03.16,586.2256,590.2255,586.2101,"1,278,793,237.00"
22.03.16,589.0036,589.8565,583.0438,"2,505,082,289.00"
21.03.16,588.4205,591.1493,585.1469,"2,571,542,167.00"
18.03.16,590.2802,591.2547,583.042,"4,689,105,835.00"
17.03.16,585.7817,590.7276,579.3087,"3,784,710,760.00"
16.03.16,586.0038,586.2998,581.9574,"3,030,239,688.00"
15.03.16,582.7792,589.5246,580.9783,"3,072,642,284.00"
14.03.16,589.5446,590.7868,583.7816,"3,535,096,370.00"
11.03.16,585.0294,586.7425,581.8039,"3,784,079,493.00"
10.03.16,582.3476,591.2876,579.2923,"4,506,673,003.00"
09.03.16,583.0413,586.3706,580.3908,"3,848,872,741.00"
08.03.16,586.1491,590.3113,580.8768,"5,670,521,270.00"
07.03.16,585.4566,594.8656,578.3365,"5,184,882,364.00"
04.03.16,588.0532,588.0532,576.5596,"4,570,087,711.00"
03.03.16,576.3645,578.4087,570.9891,"3,990,519,316.00"
02.03.16,571.1296,581.1078,568.6425,"4,730,933,933.00"
01.03.16,574.9222,579.4054,572.0264,"3,715,363,927.00"
29.02.16,572.5001,572.5001,562.8517,"3,570,113,652.00"
26.02.16,566.3374,568.416,556.8297,"3,613,401,754.00"
25.02.16,556.4548,558.4646,545.3936,"3,518,896,657.00"
24.02.16,545.3442,561.8057,545.1202,"4,169,466,162.00"
23.02.16,561.7837,566.094,559.5505,"3,669,072,435.00"
22.02.16,564.6624,564.6814,550.4684,"3,507,713,764.00"
19.02.16,550.2398,557.9856,548.9064,"4,076,806,595.00"
18.02.16,557.7409,563.7494,554.1712,"5,082,322,944.00"
17.02.16,554.8181,554.8181,532.0316,"4,586,677,484.00"
16.02.16,532.1256,547.242,532.1256,"4,197,950,244.00"
15.02.16,539.1535,539.8259,522.638,"3,797,708,995.00"
12.02.16,522.3115,524.3168,515.3279,"3,999,480,363.00"
11.02.16,515.2296,530.5934,513.3093,"4,547,659,238.00"
10.02.16,530.6355,534.3015,526.4742,"4,664,693,062.00"
09.02.16,531.4795,540.5991,527.2784,"4,200,588,318.00"
08.02.16,536.0963,562.8614,536.0591,"4,671,994,378.00"
05.02.16,560.7426,563.6013,550.7115,"5,433,358,333.00"
04.02.16,552.2213,554.4744,540.5302,"5,210,667,844.00"
03.02.16,540.4653,549.555,538.849,"4,162,271,760.00"
02.02.16,539.4571,556.0389,539.4571,"3,967,659,313.00"
01.02.16,556.6996,562.9984,554.0443,"3,858,148,466.00"
29.01.16,560.9303,560.9786,551.5312,"5,507,601,382.00"
28.01.16,552.3204,560.4383,547.075,"5,089,605,417.00"
27.01.16,547.1175,551.7366,542.8414,"3,473,985,567.00"
26.01.16,551.0231,551.0231,533.641,"3,586,610,608.00"
25.01.16,547.0665,555.3119,543.6499,"3,170,151,234.00"
22.01.16,552.6219,552.6219,530.6529,"4,443,160,379.00"
21.01.16,530.636,533.0051,517.1717,"4,440,844,479.00"
20.01.16,518.0507,543.6855,517.9583,"4,294,069,257.00"
19.01.16,543.6822,544.957,528.5738,"3,699,242,753.00"
18.01.16,528.4695,537.2476,527.5509,"2,794,325,117.00"
15.01.16,535.6449,545.3284,527.4239,"4,446,011,599.00"
14.01.16,542.1663,556.7671,536.1523,"4,577,068,252.00"
13.01.16,556.81,563.4901,554.5814,"3,906,812,668.00"
12.01.16,554.507,560.7625,544.5805,"4,686,388,962.00"
11.01.16,554.7739,563.6842,553.0488,"3,719,797,502.00"
08.01.16,563.7501,573.3251,562.6124,"4,316,046,028.00"
07.01.16,565.3807,581.7673,556.2448,"5,018,295,689.00"
06.01.16,581.7465,591.3838,579.101,"3,512,587,326.00"
05.01.16,590.2676,603.7563,590.254,"3,383,265,280.00"
04.01.16,600.6138,610.2589,596.6618,"2,774,524,008.00"
30.12.15,610.2589,612.1339,607.8967,"2,078,666,714.00"
29.12.15,609.4765,609.8242,601.6495,"1,821,988,922.00"
28.12.15,602.1565,608.9463,601.3734,"1,302,489,578.00"
23.12.15,605.2559,605.4729,590.0815,"2,750,398,881.00"
22.12.15,589.8975,592.5105,585.825,"2,485,238,199.00"
21.12.15,591.1381,594.5507,584.1614,"3,037,610,421.00"
18.12.15,590.1446,600.8823,588.2735,"4,282,199,115.00"
17.12.15,600.8501,609.0157,600.1054,"4,633,365,416.00"
16.12.15,603.8061,604.9725,596.3339,"3,607,500,307.00"
15.12.15,601.9413,602.0097,585.4712,"3,781,012,521.00"
14.12.15,585.424,597.5447,584.7237,"3,818,157,128.00"
11.12.15,594.808,605.4296,594.6526,"3,384,826,737.00"
10.12.15,604.3482,610.938,602.332,"3,563,617,041.00"
09.12.15,610.9496,611.4035,601.3112,"3,902,373,291.00"
08.12.15,607.1716,617.0306,604.5593,"4,425,497,554.00"
07.12.15,616.9962,621.5725,614.7254,"3,731,573,673.00"
04.12.15,614.6331,625.8664,613.6103,"4,644,367,334.00"
03.12.15,623.5638,635.8472,623.5638,"3,817,086,779.00"
02.12.15,632.5938,634.2451,630.0395,"3,208,692,849.00"
01.12.15,632.4639,633.388,628.4024,"3,800,695,460.00"
30.11.15,628.7585,629.8893,623.5401,"9,010,013,842.00"
27.11.15,625.4202,628.4797,623.3477,"2,514,817,922.00"
26.11.15,628.2839,629.4067,624.6057,"2,204,767,812.00"
25.11.15,624.4948,627.9154,622.4249,"3,089,611,918.00"
24.11.15,624.8458,625.8257,618.8161,"3,599,700,447.00"
23.11.15,624.9563,630.325,620.9689,"3,472,955,256.00"
20.11.15,625.8065,629.2475,625.0447,"2,953,600,414.00"
19.11.15,628.1519,633.9757,627.1679,"3,851,003,705.00"
18.11.15,627.1215,628.2243,619.3908,"3,167,459,261.00"
17.11.15,622.0574,623.2087,613.1886,"3,366,046,137.00"
16.11.15,613.1101,615.6691,605.3075,"2,873,591,620.00"
13.11.15,608.8693,616.4131,608.0449,"3,618,661,963.00"
12.11.15,611.50,623.5048,611.4353,"4,504,927,642.00"
11.11.15,623.5245,627.6863,623.4884,"2,909,541,755.00"
10.11.15,624.0365,628.5195,621.701,"3,695,776,738.00"
09.11.15,628.5195,632.7701,626.8125,"3,161,243,808.00"
06.11.15,626.8911,631.4508,626.2819,"3,239,640,565.00"
05.11.15,628.6329,634.2352,627.8729,"3,386,137,408.00"
04.11.15,633.7657,635.6374,623.9777,"4,556,422,396.00"
03.11.15,623.6079,623.6207,617.3534,"3,564,399,934.00"
02.11.15,617.9233,618.4306,614.0622,"2,870,472,509.00"
30.10.15,615.2412,620.3521,613.1348,"3,856,174,631.00"
29.10.15,615.4866,622.8491,613.7993,"3,756,369,362.00"
28.10.15,622.7587,624.124,612.4822,"4,088,450,801.00"
27.10.15,616.0536,623.6298,614.8091,"3,430,681,867.00"
26.10.15,623.5302,628.6078,621.3173,"3,233,952,062.00"
23.10.15,623.8208,627.7159,615.6197,"4,766,104,762.00"
22.10.15,615.625,615.625,608.0741,"4,568,531,776.00"
21.10.15,614.7115,616.6249,608.9529,"3,116,675,973.00"
20.10.15,613.3334,613.8904,608.4115,"2,718,569,301.00"
19.10.15,613.8558,618.5479,610.8377,"2,461,672,510.00"
16.10.15,614.0159,619.9324,614.0159,"3,256,290,439.00"
15.10.15,615.092,615.092,606.9933,"3,570,931,285.00"
14.10.15,607.9983,611.1773,605.2909,"3,122,374,810.00"
13.10.15,609.8897,612.9754,606.3976,"3,656,890,444.00"
12.10.15,612.8608,622.0182,611.7424,"2,949,862,589.00"
09.10.15,618.8144,624.4053,614.7066,"4,103,121,608.00"
08.10.15,614.6588,622.9353,611.3234,"4,224,357,794.00"
07.10.15,622.9821,623.1291,612.3845,"5,766,182,896.00"
06.10.15,613.0131,614.7606,599.3581,"4,326,931,494.00"
05.10.15,601.3017,601.3017,581.9228,"3,858,251,996.00"
02.10.15,581.4813,590.2682,579.9609,"3,215,940,527.00"
01.10.15,586.1101,590.2828,581.7863,"3,382,156,819.00"
30.09.15,581.7863,581.8767,571.335,"3,208,681,459.00"
29.09.15,571.2915,574.229,562.5778,"3,005,299,087.00"
28.09.15,570.5308,581.2226,570.4927,"2,596,431,919.00"
25.09.15,579.936,581.6633,566.691,"3,356,908,957.00"
24.09.15,566.6657,578.7671,566.2401,"3,763,410,202.00"
23.09.15,575.4339,580.6901,575.4339,"2,542,929,635.00"
22.09.15,579.2905,587.6763,576.1422,"2,937,334,183.00"
21.09.15,587.1248,590.3449,582.8349,"2,344,563,223.00"
18.09.15,584.3257,592.5551,582.2912,"4,383,318,157.00"
17.09.15,592.5382,593.3252,588.1092,"3,121,767,529.00"
16.09.15,587.7258,588.0513,578.7065,"3,227,218,471.00"
15.09.15,578.6615,578.6615,571.0056,"2,935,305,695.00"
14.09.15,574.8937,582.2332,572.7842,"2,605,968,663.00"
11.09.15,579.0101,586.4981,577.9096,"2,990,748,585.00"
10.09.15,585.2252,597.2366,584.1619,"3,563,762,981.00"
09.09.15,597.2191,600.3683,590.2804,"3,407,748,119.00"
08.09.15,590.2551,592.5004,580.1683,"2,882,471,326.00"
07.09.15,580.1692,587.9457,579.7712,"2,023,992,606.00"
04.09.15,582.234,596.9451,582.2089,"3,470,499,812.00"
03.09.15,597.1282,597.1857,582.2966,"3,640,642,141.00"
02.09.15,582.2122,588.1368,577.7789,"3,577,456,436.00"
01.09.15,582.5927,595.4388,581.7137,"4,084,023,345.00"
31.08.15,594.1029,594.146,587.6476,"3,078,301,746.00"
28.08.15,593.3994,596.781,585.3102,"4,491,811,865.00"
27.08.15,586.1671,588.6566,576.0176,"4,467,154,243.00"
26.08.15,575.3772,583.2651,559.3657,"5,060,501,625.00"
25.08.15,570.9914,576.9827,555.1801,"5,188,829,634.00"
24.08.15,555.2453,585.6099,540.7623,"6,123,512,142.00"
21.08.15,585.6362,595.5679,583.5994,"3,442,735,019.00"
20.08.15,595.5851,606.4149,595.5851,"3,743,601,116.00"
19.08.15,606.4302,612.7525,606.1037,"2,806,784,445.00"
18.08.15,612.6949,614.43,610.7298,"2,622,041,102.00"
17.08.15,612.6016,617.1384,611.2236,"2,498,075,633.00"
14.08.15,612.6633,621.0752,611.8302,"3,417,480,630.00"
13.08.15,620.983,625.6356,617.9782,"3,064,207,126.00"
12.08.15,617.5916,624.8406,615.0085,"4,150,239,271.00"
11.08.15,624.8406,638.0261,624.6047,"3,961,597,237.00"
10.08.15,635.1552,636.2183,629.9541,"3,166,131,203.00"
07.08.15,636.2037,639.9165,635.5197,"2,674,578,783.00"
06.08.15,635.4771,644.1793,635.3335,"2,968,656,344.00"
05.08.15,644.0606,644.7896,638.6879,"3,080,408,730.00"
04.08.15,638.6817,640.0174,636.1217,"3,415,757,912.00"
03.08.15,639.7341,643.1789,637.6748,"3,271,879,723.00"
31.07.15,638.9326,642.3278,635.9526,"3,367,166,108.00"
30.07.15,641.778,644.4558,638.5198,"3,247,110,975.00"
29.07.15,638.4224,638.4224,628.6195,"3,590,135,911.00"
28.07.15,628.5236,632.9814,626.6758,"3,287,547,110.00"
27.07.15,626.6556,641.6451,626.6533,"3,099,394,787.00"
24.07.15,641.8093,646.1785,641.799,"2,524,071,228.00"
23.07.15,645.5915,648.1719,643.8662,"2,684,499,095.00"
22.07.15,644.566,650.9305,643.6679,"3,393,199,381.00"
21.07.15,650.9141,652.2434,648.2424,"2,965,038,633.00"
20.07.15,648.5554,655.4871,647.616,"2,841,586,468.00"
17.07.15,649.0475,654.5111,648.1815,"2,949,471,950.00"
16.07.15,649.6642,651.4265,646.6434,"3,330,030,226.00"
15.07.15,646.4237,648.8973,643.6777,"3,300,590,270.00"
14.07.15,644.0439,644.0751,636.4373,"3,359,040,150.00"
13.07.15,639.1995,642.537,634.8541,"2,877,922,531.00"
10.07.15,634.8738,638.6422,627.3333,"3,195,160,544.00"
09.07.15,626.5784,628.3497,617.9814,"3,021,990,261.00"
08.07.15,618.0957,619.7285,613.5229,"3,457,107,802.00"
07.07.15,615.7631,620.8124,615.4423,"3,121,794,067.00"
06.07.15,620.3285,627.5923,619.3996,"2,421,304,121.00"
03.07.15,627.8035,632.4591,626.2748,"1,999,479,576.00"
02.07.15,632.5171,633.1793,629.0849,"2,700,604,933.00"
01.07.15,629.8162,636.1653,629.8162,"3,800,522,700.00"
30.06.15,629.1064,631.2214,624.6708,"4,045,459,316.00"
29.06.15,631.3866,642.4375,624.1548,"3,442,488,419.00"
26.06.15,642.598,644.4344,637.7239,"3,290,479,251.00"
25.06.15,643.552,648.0065,641.8724,"3,034,751,018.00"
24.06.15,646.5938,647.3958,643.4571,"3,286,823,499.00"
23.06.15,643.8215,644.5765,639.3817,"3,180,217,899.00"
22.06.15,639.8058,640.0083,632.1955,"3,155,229,071.00"
19.06.15,632.2343,632.2343,627.2013,"4,393,110,968.00"
18.06.15,628.6202,631.5758,625.0706,"3,575,190,421.00"
17.06.15,631.6108,632.477,628.6457,"2,782,035,072.00"
16.06.15,628.6238,628.9455,620.9045,"3,155,517,703.00"
15.06.15,627.3732,636.3043,627.1112,"2,859,165,447.00"
12.06.15,636.5499,645.9617,636.5499,"3,301,144,138.00"
11.06.15,645.979,649.212,643.4824,"3,314,431,959.00"
10.06.15,643.6765,644.2776,641.2316,"3,744,414,929.00"
09.06.15,643.5253,651.6977,640.271,"3,473,033,785.00"
08.06.15,651.6977,651.6977,647.0784,"3,114,848,123.00"
05.06.15,650.0559,651.3061,643.1396,"3,871,582,587.00"
04.06.15,649.2791,654.9629,647.4329,"3,266,150,982.00"
03.06.15,655.3432,656.5859,649.5362,"3,715,453,299.00"
02.06.15,650.5778,650.5778,641.3947,"4,058,081,606.00"
01.06.15,645.1383,660.4652,639.2311,"3,229,852,101.00"
29.05.15,645.68,647.2752,642.1325,"4,996,591,539.00"
28.05.15,645.4146,647.6147,640.6871,"3,644,527,009.00"
27.05.15,646.4485,646.9456,640.9045,"3,133,053,822.00"
26.05.15,643.2861,652.484,643.0501,"3,243,263,173.00"
